participant_id,group,type,sentence_id,sentence,condition,lexicalization,value
J2992,,training,T1,Коля пришел домой.,,,5
J2992,,training,T2,Дети пришел домой.,,,5
J2992,,training,T3,Большинство гостей уже ушло.,,,5
J2992,,filler_pos,FP3,Петя купил очень красивое пальто.,,,1
J2992,A,stimulus,SQ2,Каждый участник конкурса спел какую-нибудь песню.,quantified,2,5
J2992,,filler_neg,FN2,Петя прочитал какое-либо длинное стихотворение.,,,5
J2992,A,stimulus,SM4,Катя должна рассказать какой-нибудь анекдот.,modalized,4,5
J2992,,filler_pos,FP1,Ваня нарисовал какое-то экзотическое растение.,,,5
J2992,A,stimulus,SM3,Катя должна показать какой-нибудь фокус.,modalized,3,5
J2992,,filler_neg,FN4,Ваня потерял любое золотое кольцо.,,,1
J2992,A,stimulus,SQ3,Каждый участник конкурса показал какой-нибудь фокус.,quantified,3,5
J2992,,filler_neg,FN1,Петя нарисовал какое-либо необычное животное.,,,5
J2992,A,stimulus,SE1,Маша загадала какое-нибудь число.,episodic,1,5
J2992,,filler_pos,FP2,Ваня прочитал какую-то странную статью.,,,5
J2992,,filler_neg,FN3,Ваня купил любую книгу про динозавров.,,,5
J2992,A,stimulus,SE2,Маша спела какую-нибудь песню.,episodic,2,5
S4675,,training,T1,Коля пришел домой.,,,5
S4675,,training,T2,Дети пришел домой.,,,1
S4675,,training,T3,Большинство гостей уже ушло.,,,5
S4675,,filler_neg,FN2,Петя прочитал какое-либо длинное стихотворение.,,,1
S4675,,filler_pos,FP2,Ваня прочитал какую-то странную статью.,,,5
S4675,B,stimulus,SM1,Катя должна загадать какое-нибудь число.,modalized,1,5
S4675,,filler_pos,FP3,Петя купил очень красивое пальто.,,,5
S4675,B,stimulus,SM2,Катя должна спеть какую-нибудь песню.,modalized,2,1
S4675,,filler_neg,FN3,Ваня купил любую книгу про динозавров.,,,1
S4675,B,stimulus,SE3,Маша показала какой-нибудь фокус.,episodic,3,1
S4675,,filler_neg,FN1,Петя нарисовал какое-либо необычное животное.,,,1
S4675,B,stimulus,SQ1,Каждый участник конкурса загадал какое-нибудь число.,quantified,1,5
S4675,,filler_pos,FP1,Ваня нарисовал какое-то экзотическое растение.,,,5
S4675,B,stimulus,SQ4,Каждый участник конкурса рассказал какой-нибудь анекдот.,quantified,4,1
S4675,,filler_neg,FN4,Ваня потерял любое золотое кольцо.,,,1
S4675,B,stimulus,SE4,Маша рассказала какой-нибудь анекдот.,episodic,4,1
L897,,training,T1,Коля пришел домой.,,,5
L897,,training,T2,Дети пришел домой.,,,1
L897,,training,T3,Большинство гостей уже ушло.,,,5
L897,,filler_neg,FN4,Ваня потерял любое золотое кольцо.,,,2
L897,,filler_pos,FP3,Петя купил очень красивое пальто.,,,5
L897,B,stimulus,SQ1,Каждый участник конкурса загадал какое-нибудь число.,quantified,1,5
L897,,filler_neg,FN2,Петя прочитал какое-либо длинное стихотворение.,,,5
L897,B,stimulus,SM1,Катя должна загадать какое-нибудь число.,modalized,1,5
L897,,filler_pos,FP1,Ваня нарисовал какое-то экзотическое растение.,,,5
L897,B,stimulus,SE4,Маша рассказала какой-нибудь анекдот.,episodic,4,2
L897,,filler_neg,FN1,Петя нарисовал какое-либо необычное животное.,,,5
L897,B,stimulus,SQ4,Каждый участник конкурса рассказал какой-нибудь анекдот.,quantified,4,3
L897,,filler_pos,FP2,Ваня прочитал какую-то странную статью.,,,5
L897,B,stimulus,SM2,Катя должна спеть какую-нибудь песню.,modalized,2,5
L897,,filler_neg,FN3,Ваня купил любую книгу про динозавров.,,,3
L897,B,stimulus,SE3,Маша показала какой-нибудь фокус.,episodic,3,5
Y1422,,training,T1,Коля пришел домой.,,,5
Y1422,,training,T2,Дети пришел домой.,,,1
Y1422,,training,T3,Большинство гостей уже ушло.,,,5
Y1422,,filler_neg,FN1,Петя нарисовал какое-либо необычное животное.,,,3
Y1422,,filler_neg,FN4,Ваня потерял любое золотое кольцо.,,,3
Y1422,A,stimulus,SE2,Маша спела какую-нибудь песню.,episodic,2,3
Y1422,,filler_pos,FP3,Петя купил очень красивое пальто.,,,3
Y1422,A,stimulus,SE1,Маша загадала какое-нибудь число.,episodic,1,3
Y1422,,filler_neg,FN2,Петя прочитал какое-либо длинное стихотворение.,,,3
Y1422,A,stimulus,SQ3,Каждый участник конкурса показал какой-нибудь фокус.,quantified,3,3
Y1422,,filler_pos,FP2,Ваня прочитал какую-то странную статью.,,,3
Y1422,A,stimulus,SM3,Катя должна показать какой-нибудь фокус.,modalized,3,3
Y1422,,filler_neg,FN3,Ваня купил любую книгу про динозавров.,,,3
Y1422,A,stimulus,SM4,Катя должна рассказать какой-нибудь анекдот.,modalized,4,3
Y1422,,filler_pos,FP1,Ваня нарисовал какое-то экзотическое растение.,,,3
Y1422,A,stimulus,SQ2,Каждый участник конкурса спел какую-нибудь песню.,quantified,2,3
T3372,,training,T1,Коля пришел домой.,,,3
T3372,,training,T2,Дети пришел домой.,,,4
T3372,,training,T3,Большинство гостей уже ушло.,,,2
T3372,,filler_neg,FN2,Петя прочитал какое-либо длинное стихотворение.,,,5
T3372,,filler_neg,FN4,Ваня потерял любое золотое кольцо.,,,1
T3372,A,stimulus,SM3,Катя должна показать какой-нибудь фокус.,modalized,3,5
T3372,,filler_pos,FP1,Ваня нарисовал какое-то экзотическое растение.,,,3
T3372,A,stimulus,SQ2,Каждый участник конкурса спел какую-нибудь песню.,quantified,2,3
T3372,,filler_neg,FN1,Петя нарисовал какое-либо необычное животное.,,,1
T3372,A,stimulus,SE1,Маша загадала какое-нибудь число.,episodic,1,5
T3372,,filler_pos,FP2,Ваня прочитал какую-то странную статью.,,,5
T3372,A,stimulus,SE2,Маша спела какую-нибудь песню.,episodic,2,2
T3372,,filler_pos,FP3,Петя купил очень красивое пальто.,,,5
T3372,A,stimulus,SQ3,Каждый участник конкурса показал какой-нибудь фокус.,quantified,3,2
T3372,,filler_neg,FN3,Ваня купил любую книгу про динозавров.,,,5
T3372,A,stimulus,SM4,Катя должна рассказать какой-нибудь анекдот.,modalized,4,5
X7196,,training,T1,Коля пришел домой.,,,5
X7196,,training,T2,Дети пришел домой.,,,1
X7196,,training,T3,Большинство гостей уже ушло.,,,5
X7196,,filler_neg,FN4,Ваня потерял любое золотое кольцо.,,,1
X7196,B,stimulus,SM2,Катя должна спеть какую-нибудь песню.,modalized,2,5
X7196,,filler_pos,FP1,Ваня нарисовал какое-то экзотическое растение.,,,5
X7196,B,stimulus,SE3,Маша показала какой-нибудь фокус.,episodic,3,1
X7196,,filler_pos,FP2,Ваня прочитал какую-то странную статью.,,,5
X7196,B,stimulus,SQ4,Каждый участник конкурса рассказал какой-нибудь анекдот.,quantified,4,1
X7196,,filler_neg,FN3,Ваня купил любую книгу про динозавров.,,,1
X7196,B,stimulus,SQ1,Каждый участник конкурса загадал какое-нибудь число.,quantified,1,5
X7196,,filler_neg,FN1,Петя нарисовал какое-либо необычное животное.,,,2
X7196,B,stimulus,SM1,Катя должна загадать какое-нибудь число.,modalized,1,5
X7196,,filler_neg,FN2,Петя прочитал какое-либо длинное стихотворение.,,,2
X7196,,filler_pos,FP3,Петя купил очень красивое пальто.,,,5
X7196,B,stimulus,SE4,Маша рассказала какой-нибудь анекдот.,episodic,4,2
J3943,,training,T1,Коля пришел домой.,,,5
J3943,,training,T2,Дети пришел домой.,,,1
J3943,,training,T3,Большинство гостей уже ушло.,,,5
J3943,,filler_pos,FP1,Ваня нарисовал какое-то экзотическое растение.,,,5
J3943,,filler_neg,FN1,Петя нарисовал какое-либо необычное животное.,,,1
J3943,B,stimulus,SM1,Катя должна загадать какое-нибудь число.,modalized,1,5
J3943,,filler_neg,FN2,Петя прочитал какое-либо длинное стихотворение.,,,3
J3943,B,stimulus,SQ4,Каждый участник конкурса рассказал какой-нибудь анекдот.,quantified,4,4
J3943,,filler_neg,FN4,Ваня потерял любое золотое кольцо.,,,1
J3943,B,stimulus,SQ1,Каждый участник конкурса загадал какое-нибудь число.,quantified,1,4
J3943,,filler_neg,FN3,Ваня купил любую книгу про динозавров.,,,5
J3943,B,stimulus,SE4,Маша рассказала какой-нибудь анекдот.,episodic,4,1
J3943,,filler_pos,FP2,Ваня прочитал какую-то странную статью.,,,5
J3943,B,stimulus,SM2,Катя должна спеть какую-нибудь песню.,modalized,2,5
J3943,,filler_pos,FP3,Петя купил очень красивое пальто.,,,5
J3943,B,stimulus,SE3,Маша показала какой-нибудь фокус.,episodic,3,1
T1439,,training,T1,Коля пришел домой.,,,5
T1439,,training,T2,Дети пришел домой.,,,1
T1439,,training,T3,Большинство гостей уже ушло.,,,1
T1439,,filler_neg,FN3,Ваня купил любую книгу про динозавров.,,,1
T1439,B,stimulus,SE4,Маша рассказала какой-нибудь анекдот.,episodic,4,1
T1439,,filler_neg,FN1,Петя нарисовал какое-либо необычное животное.,,,4
T1439,B,stimulus,SE3,Маша показала какой-нибудь фокус.,episodic,3,4
T1439,,filler_pos,FP1,Ваня нарисовал какое-то экзотическое растение.,,,5
T1439,B,stimulus,SM1,Катя должна загадать какое-нибудь число.,modalized,1,5
T1439,,filler_pos,FP2,Ваня прочитал какую-то странную статью.,,,5
T1439,B,stimulus,SQ1,Каждый участник конкурса загадал какое-нибудь число.,quantified,1,5
T1439,,filler_neg,FN2,Петя прочитал какое-либо длинное стихотворение.,,,5
T1439,B,stimulus,SM2,Катя должна спеть какую-нибудь песню.,modalized,2,5
T1439,,filler_pos,FP3,Петя купил очень красивое пальто.,,,5
T1439,,filler_neg,FN4,Ваня потерял любое золотое кольцо.,,,2
T1439,B,stimulus,SQ4,Каждый участник конкурса рассказал какой-нибудь анекдот.,quantified,4,5
J3289,,training,T1,Коля пришел домой.,,,3
J3289,,training,T2,Дети пришел домой.,,,1
J3289,,training,T3,Большинство гостей уже ушло.,,,1
J3289,,filler_pos,FP3,Петя купил очень красивое пальто.,,,4
J3289,,filler_neg,FN2,Петя прочитал какое-либо длинное стихотворение.,,,4
J3289,B,stimulus,SE3,Маша показала какой-нибудь фокус.,episodic,3,2
J3289,,filler_neg,FN1,Петя нарисовал какое-либо необычное животное.,,,4
J3289,B,stimulus,SQ1,Каждый участник конкурса загадал какое-нибудь число.,quantified,1,3
J3289,,filler_neg,FN3,Ваня купил любую книгу про динозавров.,,,3
J3289,B,stimulus,SM2,Катя должна спеть какую-нибудь песню.,modalized,2,3
J3289,,filler_pos,FP1,Ваня нарисовал какое-то экзотическое растение.,,,3
J3289,B,stimulus,SQ4,Каждый участник конкурса рассказал какой-нибудь анекдот.,quantified,4,3
J3289,,filler_neg,FN4,Ваня потерял любое золотое кольцо.,,,3
J3289,B,stimulus,SM1,Катя должна загадать какое-нибудь число.,modalized,1,3
J3289,,filler_pos,FP2,Ваня прочитал какую-то странную статью.,,,3
J3289,B,stimulus,SE4,Маша рассказала какой-нибудь анекдот.,episodic,4,3
H8364,,training,T1,Коля пришел домой.,,,5
H8364,,training,T2,Дети пришел домой.,,,1
H8364,,training,T3,Большинство гостей уже ушло.,,,3
H8364,,filler_neg,FN2,Петя прочитал какое-либо длинное стихотворение.,,,1
H8364,,filler_pos,FP2,Ваня прочитал какую-то странную статью.,,,5
H8364,A,stimulus,SM3,Катя должна показать какой-нибудь фокус.,modalized,3,5
H8364,,filler_pos,FP3,Петя купил очень красивое пальто.,,,5
H8364,A,stimulus,SQ2,Каждый участник конкурса спел какую-нибудь песню.,quantified,2,4
H8364,,filler_neg,FN4,Ваня потерял любое золотое кольцо.,,,1
H8364,A,stimulus,SQ3,Каждый участник конкурса показал какой-нибудь фокус.,quantified,3,4
H8364,,filler_neg,FN3,Ваня купил любую книгу про динозавров.,,,1
H8364,A,stimulus,SE1,Маша загадала какое-нибудь число.,episodic,1,2
H8364,,filler_neg,FN1,Петя нарисовал какое-либо необычное животное.,,,1
H8364,A,stimulus,SM4,Катя должна рассказать какой-нибудь анекдот.,modalized,4,5
H8364,,filler_pos,FP1,Ваня нарисовал какое-то экзотическое растение.,,,5
H8364,A,stimulus,SE2,Маша спела какую-нибудь песню.,episodic,2,1
N6969,,training,T1,Коля пришел домой.,,,5
N6969,,training,T2,Дети пришел домой.,,,1
N6969,,training,T3,Большинство гостей уже ушло.,,,4
N6969,,filler_pos,FP1,Ваня нарисовал какое-то экзотическое растение.,,,5
N6969,,filler_pos,FP3,Петя купил очень красивое пальто.,,,5
N6969,B,stimulus,SQ1,Каждый участник конкурса загадал какое-нибудь число.,quantified,1,4
N6969,,filler_neg,FN1,Петя нарисовал какое-либо необычное животное.,,,4
N6969,B,stimulus,SM2,Катя должна спеть какую-нибудь песню.,modalized,2,4
N6969,,filler_neg,FN2,Петя прочитал какое-либо длинное стихотворение.,,,4
N6969,B,stimulus,SE4,Маша рассказала какой-нибудь анекдот.,episodic,4,3
N6969,,filler_pos,FP2,Ваня прочитал какую-то странную статью.,,,5
N6969,B,stimulus,SE3,Маша показала какой-нибудь фокус.,episodic,3,1
N6969,,filler_neg,FN4,Ваня потерял любое золотое кольцо.,,,1
N6969,B,stimulus,SQ4,Каждый участник конкурса рассказал какой-нибудь анекдот.,quantified,4,4
N6969,,filler_neg,FN3,Ваня купил любую книгу про динозавров.,,,2
N6969,B,stimulus,SM1,Катя должна загадать какое-нибудь число.,modalized,1,5
N7873,,training,T1,Коля пришел домой.,,,NULL
N7873,,training,T2,Дети пришел домой.,,,5
N7873,,training,T3,Большинство гостей уже ушло.,,,5
N7873,,filler_neg,FN3,Ваня купил любую книгу про динозавров.,,,5
N7873,,filler_neg,FN1,Петя нарисовал какое-либо необычное животное.,,,5
N7873,A,stimulus,SM4,Катя должна рассказать какой-нибудь анекдот.,modalized,4,5
N7873,,filler_neg,FN4,Ваня потерял любое золотое кольцо.,,,5
N7873,A,stimulus,SM3,Катя должна показать какой-нибудь фокус.,modalized,3,5
N7873,,filler_pos,FP3,Петя купил очень красивое пальто.,,,5
N7873,A,stimulus,SE2,Маша спела какую-нибудь песню.,episodic,2,5
N7873,,filler_pos,FP2,Ваня прочитал какую-то странную статью.,,,5
N7873,A,stimulus,SQ3,Каждый участник конкурса показал какой-нибудь фокус.,quantified,3,5
N7873,,filler_pos,FP1,Ваня нарисовал какое-то экзотическое растение.,,,5
N7873,A,stimulus,SQ2,Каждый участник конкурса спел какую-нибудь песню.,quantified,2,5
N7873,,filler_neg,FN2,Петя прочитал какое-либо длинное стихотворение.,,,5
N7873,A,stimulus,SE1,Маша загадала какое-нибудь число.,episodic,1,5
O9433,,training,T1,Коля пришел домой.,,,4
O9433,,training,T2,Дети пришел домой.,,,1
O9433,,training,T3,Большинство гостей уже ушло.,,,5
O9433,,filler_pos,FP3,Петя купил очень красивое пальто.,,,5
O9433,,filler_pos,FP2,Ваня прочитал какую-то странную статью.,,,5
O9433,A,stimulus,SE2,Маша спела какую-нибудь песню.,episodic,2,1
O9433,,filler_neg,FN1,Петя нарисовал какое-либо необычное животное.,,,1
O9433,A,stimulus,SE1,Маша загадала какое-нибудь число.,episodic,1,1
O9433,,filler_neg,FN2,Петя прочитал какое-либо длинное стихотворение.,,,1
O9433,A,stimulus,SM3,Катя должна показать какой-нибудь фокус.,modalized,3,5
O9433,,filler_pos,FP1,Ваня нарисовал какое-то экзотическое растение.,,,5
O9433,A,stimulus,SQ2,Каждый участник конкурса спел какую-нибудь песню.,quantified,2,1
O9433,,filler_neg,FN4,Ваня потерял любое золотое кольцо.,,,1
O9433,A,stimulus,SM4,Катя должна рассказать какой-нибудь анекдот.,modalized,4,3
O9433,,filler_neg,FN3,Ваня купил любую книгу про динозавров.,,,5
O9433,A,stimulus,SQ3,Каждый участник конкурса показал какой-нибудь фокус.,quantified,3,3
H5474,,training,T1,Коля пришел домой.,,,5
H5474,,training,T2,Дети пришел домой.,,,1
H5474,,training,T3,Большинство гостей уже ушло.,,,1
H5474,,filler_neg,FN4,Ваня потерял любое золотое кольцо.,,,5
H5474,B,stimulus,SM1,Катя должна загадать какое-нибудь число.,modalized,1,5
H5474,,filler_neg,FN2,Петя прочитал какое-либо длинное стихотворение.,,,1
H5474,B,stimulus,SE3,Маша показала какой-нибудь фокус.,episodic,3,1
H5474,,filler_pos,FP1,Ваня нарисовал какое-то экзотическое растение.,,,5
H5474,B,stimulus,SE4,Маша рассказала какой-нибудь анекдот.,episodic,4,1
H5474,,filler_pos,FP3,Петя купил очень красивое пальто.,,,5
H5474,B,stimulus,SM2,Катя должна спеть какую-нибудь песню.,modalized,2,5
H5474,,filler_pos,FP2,Ваня прочитал какую-то странную статью.,,,5
H5474,B,stimulus,SQ1,Каждый участник конкурса загадал какое-нибудь число.,quantified,1,5
H5474,,filler_neg,FN3,Ваня купил любую книгу про динозавров.,,,1
H5474,,filler_neg,FN1,Петя нарисовал какое-либо необычное животное.,,,1
H5474,B,stimulus,SQ4,Каждый участник конкурса рассказал какой-нибудь анекдот.,quantified,4,5
I3539,,training,T1,Коля пришел домой.,,,5
I3539,,training,T2,Дети пришел домой.,,,2
I3539,,training,T3,Большинство гостей уже ушло.,,,5
I3539,,filler_neg,FN3,Ваня купил любую книгу про динозавров.,,,5
I3539,,filler_pos,FP3,Петя купил очень красивое пальто.,,,5
I3539,B,stimulus,SE3,Маша показала какой-нибудь фокус.,episodic,3,1
I3539,,filler_pos,FP1,Ваня нарисовал какое-то экзотическое растение.,,,5
I3539,B,stimulus,SM2,Катя должна спеть какую-нибудь песню.,modalized,2,3
I3539,,filler_neg,FN4,Ваня потерял любое золотое кольцо.,,,1
I3539,B,stimulus,SQ1,Каждый участник конкурса загадал какое-нибудь число.,quantified,1,5
I3539,,filler_neg,FN1,Петя нарисовал какое-либо необычное животное.,,,4
I3539,B,stimulus,SQ4,Каждый участник конкурса рассказал какой-нибудь анекдот.,quantified,4,2
I3539,,filler_neg,FN2,Петя прочитал какое-либо длинное стихотворение.,,,5
I3539,B,stimulus,SE4,Маша рассказала какой-нибудь анекдот.,episodic,4,4
I3539,,filler_pos,FP2,Ваня прочитал какую-то странную статью.,,,5
I3539,B,stimulus,SM1,Катя должна загадать какое-нибудь число.,modalized,1,5
N4513,,training,T1,Коля пришел домой.,,,5
N4513,,training,T2,Дети пришел домой.,,,2
N4513,,training,T3,Большинство гостей уже ушло.,,,5
N4513,,filler_neg,FN3,Ваня купил любую книгу про динозавров.,,,2
N4513,,filler_neg,FN1,Петя нарисовал какое-либо необычное животное.,,,1
N4513,B,stimulus,SM2,Катя должна спеть какую-нибудь песню.,modalized,2,5
N4513,,filler_pos,FP2,Ваня прочитал какую-то странную статью.,,,5
N4513,B,stimulus,SQ4,Каждый участник конкурса рассказал какой-нибудь анекдот.,quantified,4,5
N4513,,filler_neg,FN4,Ваня потерял любое золотое кольцо.,,,1
N4513,B,stimulus,SE4,Маша рассказала какой-нибудь анекдот.,episodic,4,2
N4513,,filler_neg,FN2,Петя прочитал какое-либо длинное стихотворение.,,,1
N4513,B,stimulus,SM1,Катя должна загадать какое-нибудь число.,modalized,1,5
N4513,,filler_pos,FP1,Ваня нарисовал какое-то экзотическое растение.,,,5
N4513,B,stimulus,SE3,Маша показала какой-нибудь фокус.,episodic,3,1
N4513,,filler_pos,FP3,Петя купил очень красивое пальто.,,,5
N4513,B,stimulus,SQ1,Каждый участник конкурса загадал какое-нибудь число.,quantified,1,5
X4748,,training,T1,Коля пришел домой.,,,5
X4748,,training,T2,Дети пришел домой.,,,1
X4748,,training,T3,Большинство гостей уже ушло.,,,5
X4748,,filler_neg,FN2,Петя прочитал какое-либо длинное стихотворение.,,,3
X4748,B,stimulus,SE3,Маша показала какой-нибудь фокус.,episodic,3,3
X4748,,filler_pos,FP1,Ваня нарисовал какое-то экзотическое растение.,,,5
X4748,B,stimulus,SQ4,Каждый участник конкурса рассказал какой-нибудь анекдот.,quantified,4,5
X4748,,filler_pos,FP2,Ваня прочитал какую-то странную статью.,,,5
X4748,B,stimulus,SM1,Катя должна загадать какое-нибудь число.,modalized,1,5
X4748,,filler_neg,FN1,Петя нарисовал какое-либо необычное животное.,,,5
X4748,B,stimulus,SE4,Маша рассказала какой-нибудь анекдот.,episodic,4,4
X4748,,filler_neg,FN3,Ваня купил любую книгу про динозавров.,,,3
X4748,B,stimulus,SQ1,Каждый участник конкурса загадал какое-нибудь число.,quantified,1,4
X4748,,filler_neg,FN4,Ваня потерял любое золотое кольцо.,,,3
X4748,,filler_pos,FP3,Петя купил очень красивое пальто.,,,5
X4748,B,stimulus,SM2,Катя должна спеть какую-нибудь песню.,modalized,2,5
Z7061,,training,T1,Коля пришел домой.,,,5
Z7061,,training,T2,Дети пришел домой.,,,1
Z7061,,training,T3,Большинство гостей уже ушло.,,,1
Z7061,,filler_neg,FN3,Ваня купил любую книгу про динозавров.,,,1
Z7061,,filler_neg,FN4,Ваня потерял любое золотое кольцо.,,,1
Z7061,A,stimulus,SQ2,Каждый участник конкурса спел какую-нибудь песню.,quantified,2,5
Z7061,,filler_pos,FP1,Ваня нарисовал какое-то экзотическое растение.,,,5
Z7061,A,stimulus,SM3,Катя должна показать какой-нибудь фокус.,modalized,3,5
Z7061,,filler_pos,FP3,Петя купил очень красивое пальто.,,,5
Z7061,A,stimulus,SM4,Катя должна рассказать какой-нибудь анекдот.,modalized,4,5
Z7061,,filler_neg,FN2,Петя прочитал какое-либо длинное стихотворение.,,,5
Z7061,A,stimulus,SE2,Маша спела какую-нибудь песню.,episodic,2,5
Z7061,,filler_neg,FN1,Петя нарисовал какое-либо необычное животное.,,,5
Z7061,A,stimulus,SE1,Маша загадала какое-нибудь число.,episodic,1,5
Z7061,,filler_pos,FP2,Ваня прочитал какую-то странную статью.,,,5
Z7061,A,stimulus,SQ3,Каждый участник конкурса показал какой-нибудь фокус.,quantified,3,5
E2430,,training,T1,Коля пришел домой.,,,5
E2430,,training,T2,Дети пришел домой.,,,2
E2430,,training,T3,Большинство гостей уже ушло.,,,5
E2430,,filler_pos,FP2,Ваня прочитал какую-то странную статью.,,,5
E2430,,filler_neg,FN4,Ваня потерял любое золотое кольцо.,,,2
E2430,A,stimulus,SM3,Катя должна показать какой-нибудь фокус.,modalized,3,5
E2430,,filler_pos,FP3,Петя купил очень красивое пальто.,,,5
E2430,A,stimulus,SE1,Маша загадала какое-нибудь число.,episodic,1,2
E2430,,filler_neg,FN1,Петя нарисовал какое-либо необычное животное.,,,1
E2430,A,stimulus,SM4,Катя должна рассказать какой-нибудь анекдот.,modalized,4,5
E2430,,filler_neg,FN3,Ваня купил любую книгу про динозавров.,,,2
E2430,A,stimulus,SE2,Маша спела какую-нибудь песню.,episodic,2,1
E2430,,filler_pos,FP1,Ваня нарисовал какое-то экзотическое растение.,,,4
E2430,A,stimulus,SQ3,Каждый участник конкурса показал какой-нибудь фокус.,quantified,3,3
E2430,,filler_neg,FN2,Петя прочитал какое-либо длинное стихотворение.,,,1
E2430,A,stimulus,SQ2,Каждый участник конкурса спел какую-нибудь песню.,quantified,2,3
X8960,,training,T1,Коля пришел домой.,,,5
X8960,,training,T2,Дети пришел домой.,,,1
X8960,,training,T3,Большинство гостей уже ушло.,,,5
X8960,,filler_pos,FP1,Ваня нарисовал какое-то экзотическое растение.,,,5
X8960,B,stimulus,SQ1,Каждый участник конкурса загадал какое-нибудь число.,quantified,1,5
X8960,,filler_neg,FN1,Петя нарисовал какое-либо необычное животное.,,,2
X8960,B,stimulus,SQ4,Каждый участник конкурса рассказал какой-нибудь анекдот.,quantified,4,3
X8960,,filler_neg,FN4,Ваня потерял любое золотое кольцо.,,,1
X8960,B,stimulus,SM1,Катя должна загадать какое-нибудь число.,modalized,1,5
X8960,,filler_neg,FN2,Петя прочитал какое-либо длинное стихотворение.,,,2
X8960,B,stimulus,SE3,Маша показала какой-нибудь фокус.,episodic,3,2
X8960,,filler_neg,FN3,Ваня купил любую книгу про динозавров.,,,2
X8960,B,stimulus,SM2,Катя должна спеть какую-нибудь песню.,modalized,2,5
X8960,,filler_pos,FP2,Ваня прочитал какую-то странную статью.,,,5
X8960,,filler_pos,FP3,Петя купил очень красивое пальто.,,,5
X8960,B,stimulus,SE4,Маша рассказала какой-нибудь анекдот.,episodic,4,1
W6375,,training,T1,Коля пришел домой.,,,NULL
W6375,,training,T2,Дети пришел домой.,,,1
W6375,,training,T3,Большинство гостей уже ушло.,,,2
W6375,,filler_pos,FP1,Ваня нарисовал какое-то экзотическое растение.,,,5
W6375,,filler_neg,FN3,Ваня купил любую книгу про динозавров.,,,5
W6375,A,stimulus,SM4,Катя должна рассказать какой-нибудь анекдот.,modalized,4,5
W6375,,filler_neg,FN4,Ваня потерял любое золотое кольцо.,,,1
W6375,A,stimulus,SQ3,Каждый участник конкурса показал какой-нибудь фокус.,quantified,3,5
W6375,,filler_pos,FP2,Ваня прочитал какую-то странную статью.,,,5
W6375,A,stimulus,SM3,Катя должна показать какой-нибудь фокус.,modalized,3,5
W6375,,filler_neg,FN2,Петя прочитал какое-либо длинное стихотворение.,,,5
W6375,A,stimulus,SE2,Маша спела какую-нибудь песню.,episodic,2,1
W6375,,filler_pos,FP3,Петя купил очень красивое пальто.,,,5
W6375,A,stimulus,SQ2,Каждый участник конкурса спел какую-нибудь песню.,quantified,2,2
W6375,,filler_neg,FN1,Петя нарисовал какое-либо необычное животное.,,,1
W6375,A,stimulus,SE1,Маша загадала какое-нибудь число.,episodic,1,1
W1836,,training,T1,Коля пришел домой.,,,5
W1836,,training,T2,Дети пришел домой.,,,1
W1836,,training,T3,Большинство гостей уже ушло.,,,5
W1836,,filler_neg,FN2,Петя прочитал какое-либо длинное стихотворение.,,,2
W1836,A,stimulus,SE2,Маша спела какую-нибудь песню.,episodic,2,5
W1836,,filler_pos,FP3,Петя купил очень красивое пальто.,,,5
W1836,A,stimulus,SQ3,Каждый участник конкурса показал какой-нибудь фокус.,quantified,3,5
W1836,,filler_pos,FP2,Ваня прочитал какую-то странную статью.,,,5
W1836,A,stimulus,SM4,Катя должна рассказать какой-нибудь анекдот.,modalized,4,5
W1836,,filler_neg,FN3,Ваня купил любую книгу про динозавров.,,,5
W1836,A,stimulus,SQ2,Каждый участник конкурса спел какую-нибудь песню.,quantified,2,5
W1836,,filler_neg,FN1,Петя нарисовал какое-либо необычное животное.,,,2
W1836,A,stimulus,SE1,Маша загадала какое-нибудь число.,episodic,1,5
W1836,,filler_pos,FP1,Ваня нарисовал какое-то экзотическое растение.,,,5
W1836,,filler_neg,FN4,Ваня потерял любое золотое кольцо.,,,5
W1836,A,stimulus,SM3,Катя должна показать какой-нибудь фокус.,modalized,3,5
Q1455,,training,T1,Коля пришел домой.,,,5
Q1455,,training,T2,Дети пришел домой.,,,1
Q1455,,training,T3,Большинство гостей уже ушло.,,,5
Q1455,,filler_neg,FN2,Петя прочитал какое-либо длинное стихотворение.,,,5
Q1455,,filler_neg,FN3,Ваня купил любую книгу про динозавров.,,,2
Q1455,A,stimulus,SE2,Маша спела какую-нибудь песню.,episodic,2,4
Q1455,,filler_pos,FP2,Ваня прочитал какую-то странную статью.,,,5
Q1455,A,stimulus,SM4,Катя должна рассказать какой-нибудь анекдот.,modalized,4,5
Q1455,,filler_pos,FP1,Ваня нарисовал какое-то экзотическое растение.,,,5
Q1455,A,stimulus,SQ3,Каждый участник конкурса показал какой-нибудь фокус.,quantified,3,3
Q1455,,filler_neg,FN4,Ваня потерял любое золотое кольцо.,,,2
Q1455,A,stimulus,SQ2,Каждый участник конкурса спел какую-нибудь песню.,quantified,2,5
Q1455,,filler_neg,FN1,Петя нарисовал какое-либо необычное животное.,,,5
Q1455,A,stimulus,SE1,Маша загадала какое-нибудь число.,episodic,1,5
Q1455,,filler_pos,FP3,Петя купил очень красивое пальто.,,,5
Q1455,A,stimulus,SM3,Катя должна показать какой-нибудь фокус.,modalized,3,5
E1879,,training,T1,Коля пришел домой.,,,5
E1879,,training,T2,Дети пришел домой.,,,1
E1879,,training,T3,Большинство гостей уже ушло.,,,2
E1879,,filler_pos,FP1,Ваня нарисовал какое-то экзотическое растение.,,,5
E1879,B,stimulus,SE3,Маша показала какой-нибудь фокус.,episodic,3,1
E1879,,filler_neg,FN3,Ваня купил любую книгу про динозавров.,,,4
E1879,B,stimulus,SQ4,Каждый участник конкурса рассказал какой-нибудь анекдот.,quantified,4,5
E1879,,filler_neg,FN1,Петя нарисовал какое-либо необычное животное.,,,1
E1879,B,stimulus,SM1,Катя должна загадать какое-нибудь число.,modalized,1,5
E1879,,filler_neg,FN4,Ваня потерял любое золотое кольцо.,,,1
E1879,B,stimulus,SE4,Маша рассказала какой-нибудь анекдот.,episodic,4,1
E1879,,filler_neg,FN2,Петя прочитал какое-либо длинное стихотворение.,,,1
E1879,B,stimulus,SM2,Катя должна спеть какую-нибудь песню.,modalized,2,5
E1879,,filler_pos,FP3,Петя купил очень красивое пальто.,,,5
E1879,,filler_pos,FP2,Ваня прочитал какую-то странную статью.,,,5
E1879,B,stimulus,SQ1,Каждый участник конкурса загадал какое-нибудь число.,quantified,1,5
L7636,,training,T1,Коля пришел домой.,,,4
L7636,,training,T2,Дети пришел домой.,,,1
L7636,,training,T3,Большинство гостей уже ушло.,,,2
L7636,,filler_neg,FN2,Петя прочитал какое-либо длинное стихотворение.,,,1
L7636,,filler_pos,FP1,Ваня нарисовал какое-то экзотическое растение.,,,5
L7636,B,stimulus,SE3,Маша показала какой-нибудь фокус.,episodic,3,1
L7636,,filler_neg,FN1,Петя нарисовал какое-либо необычное животное.,,,1
L7636,B,stimulus,SM1,Катя должна загадать какое-нибудь число.,modalized,1,5
L7636,,filler_neg,FN3,Ваня купил любую книгу про динозавров.,,,1
L7636,B,stimulus,SQ1,Каждый участник конкурса загадал какое-нибудь число.,quantified,1,1
L7636,,filler_neg,FN4,Ваня потерял любое золотое кольцо.,,,1
L7636,B,stimulus,SE4,Маша рассказала какой-нибудь анекдот.,episodic,4,1
L7636,,filler_pos,FP2,Ваня прочитал какую-то странную статью.,,,5
L7636,B,stimulus,SQ4,Каждый участник конкурса рассказал какой-нибудь анекдот.,quantified,4,1
L7636,,filler_pos,FP3,Петя купил очень красивое пальто.,,,5
L7636,B,stimulus,SM2,Катя должна спеть какую-нибудь песню.,modalized,2,5
K8545,,training,T1,Коля пришел домой.,,,5
K8545,,training,T2,Дети пришел домой.,,,1
K8545,,training,T3,Большинство гостей уже ушло.,,,1
K8545,,filler_pos,FP2,Ваня прочитал какую-то странную статью.,,,4
K8545,B,stimulus,SM2,Катя должна спеть какую-нибудь песню.,modalized,2,4
K8545,,filler_neg,FN1,Петя нарисовал какое-либо необычное животное.,,,2
K8545,B,stimulus,SQ1,Каждый участник конкурса загадал какое-нибудь число.,quantified,1,3
K8545,,filler_pos,FP1,Ваня нарисовал какое-то экзотическое растение.,,,3
K8545,B,stimulus,SM1,Катя должна загадать какое-нибудь число.,modalized,1,5
K8545,,filler_pos,FP3,Петя купил очень красивое пальто.,,,5
K8545,B,stimulus,SE4,Маша рассказала какой-нибудь анекдот.,episodic,4,2
K8545,,filler_neg,FN2,Петя прочитал какое-либо длинное стихотворение.,,,2
K8545,B,stimulus,SQ4,Каждый участник конкурса рассказал какой-нибудь анекдот.,quantified,4,4
K8545,,filler_neg,FN3,Ваня купил любую книгу про динозавров.,,,1
K8545,,filler_neg,FN4,Ваня потерял любое золотое кольцо.,,,1
K8545,B,stimulus,SE3,Маша показала какой-нибудь фокус.,episodic,3,1
M6198,,training,T1,Коля пришел домой.,,,5
M6198,,training,T2,Дети пришел домой.,,,1
M6198,,training,T3,Большинство гостей уже ушло.,,,4
M6198,,filler_pos,FP3,Петя купил очень красивое пальто.,,,4
M6198,,filler_pos,FP1,Ваня нарисовал какое-то экзотическое растение.,,,1
M6198,B,stimulus,SM2,Катя должна спеть какую-нибудь песню.,modalized,2,5
M6198,,filler_pos,FP2,Ваня прочитал какую-то странную статью.,,,4
M6198,B,stimulus,SE4,Маша рассказала какой-нибудь анекдот.,episodic,4,1
M6198,,filler_neg,FN4,Ваня потерял любое золотое кольцо.,,,1
M6198,B,stimulus,SE3,Маша показала какой-нибудь фокус.,episodic,3,4
M6198,,filler_neg,FN1,Петя нарисовал какое-либо необычное животное.,,,3
M6198,B,stimulus,SQ1,Каждый участник конкурса загадал какое-нибудь число.,quantified,1,4
M6198,,filler_neg,FN2,Петя прочитал какое-либо длинное стихотворение.,,,3
M6198,B,stimulus,SM1,Катя должна загадать какое-нибудь число.,modalized,1,5
M6198,,filler_neg,FN3,Ваня купил любую книгу про динозавров.,,,1
M6198,B,stimulus,SQ4,Каждый участник конкурса рассказал какой-нибудь анекдот.,quantified,4,3
Y4510,,training,T1,Коля пришел домой.,,,5
Y4510,,training,T2,Дети пришел домой.,,,1
Y4510,,training,T3,Большинство гостей уже ушло.,,,5
Y4510,,filler_neg,FN4,Ваня потерял любое золотое кольцо.,,,1
Y4510,,filler_pos,FP1,Ваня нарисовал какое-то экзотическое растение.,,,5
Y4510,B,stimulus,SM1,Катя должна загадать какое-нибудь число.,modalized,1,5
Y4510,,filler_neg,FN1,Петя нарисовал какое-либо необычное животное.,,,1
Y4510,B,stimulus,SE4,Маша рассказала какой-нибудь анекдот.,episodic,4,5
Y4510,,filler_pos,FP3,Петя купил очень красивое пальто.,,,4
Y4510,B,stimulus,SQ1,Каждый участник конкурса загадал какое-нибудь число.,quantified,1,5
Y4510,,filler_pos,FP2,Ваня прочитал какую-то странную статью.,,,5
Y4510,B,stimulus,SQ4,Каждый участник конкурса рассказал какой-нибудь анекдот.,quantified,4,5
Y4510,,filler_neg,FN2,Петя прочитал какое-либо длинное стихотворение.,,,5
Y4510,B,stimulus,SM2,Катя должна спеть какую-нибудь песню.,modalized,2,5
Y4510,,filler_neg,FN3,Ваня купил любую книгу про динозавров.,,,4
Y4510,B,stimulus,SE3,Маша показала какой-нибудь фокус.,episodic,3,4
N8343,,training,T1,Коля пришел домой.,,,5
N8343,,training,T2,Дети пришел домой.,,,3
N8343,,training,T3,Большинство гостей уже ушло.,,,4
N8343,,filler_pos,FP1,Ваня нарисовал какое-то экзотическое растение.,,,5
N8343,,filler_neg,FN4,Ваня потерял любое золотое кольцо.,,,3
N8343,A,stimulus,SQ2,Каждый участник конкурса спел какую-нибудь песню.,quantified,2,4
N8343,,filler_neg,FN1,Петя нарисовал какое-либо необычное животное.,,,3
N8343,A,stimulus,SE2,Маша спела какую-нибудь песню.,episodic,2,3
N8343,,filler_pos,FP2,Ваня прочитал какую-то странную статью.,,,5
N8343,A,stimulus,SE1,Маша загадала какое-нибудь число.,episodic,1,3
N8343,,filler_pos,FP3,Петя купил очень красивое пальто.,,,5
N8343,A,stimulus,SQ3,Каждый участник конкурса показал какой-нибудь фокус.,quantified,3,3
N8343,,filler_neg,FN3,Ваня купил любую книгу про динозавров.,,,3
N8343,A,stimulus,SM3,Катя должна показать какой-нибудь фокус.,modalized,3,5
N8343,,filler_neg,FN2,Петя прочитал какое-либо длинное стихотворение.,,,3
N8343,A,stimulus,SM4,Катя должна рассказать какой-нибудь анекдот.,modalized,4,5
O7402,,training,T1,Коля пришел домой.,,,5
O7402,,training,T2,Дети пришел домой.,,,1
O7402,,training,T3,Большинство гостей уже ушло.,,,5
O7402,,filler_neg,FN4,Ваня потерял любое золотое кольцо.,,,2
O7402,A,stimulus,SQ2,Каждый участник конкурса спел какую-нибудь песню.,quantified,2,2
O7402,,filler_pos,FP1,Ваня нарисовал какое-то экзотическое растение.,,,5
O7402,A,stimulus,SE1,Маша загадала какое-нибудь число.,episodic,1,4
O7402,,filler_pos,FP2,Ваня прочитал какую-то странную статью.,,,5
O7402,A,stimulus,SQ3,Каждый участник конкурса показал какой-нибудь фокус.,quantified,3,3
O7402,,filler_neg,FN2,Петя прочитал какое-либо длинное стихотворение.,,,3
O7402,A,stimulus,SE2,Маша спела какую-нибудь песню.,episodic,2,2
O7402,,filler_neg,FN1,Петя нарисовал какое-либо необычное животное.,,,2
O7402,A,stimulus,SM3,Катя должна показать какой-нибудь фокус.,modalized,3,5
O7402,,filler_pos,FP3,Петя купил очень красивое пальто.,,,5
O7402,,filler_neg,FN3,Ваня купил любую книгу про динозавров.,,,2
O7402,A,stimulus,SM4,Катя должна рассказать какой-нибудь анекдот.,modalized,4,5
O8366,,training,T1,Коля пришел домой.,,,5
O8366,,training,T2,Дети пришел домой.,,,1
O8366,,training,T3,Большинство гостей уже ушло.,,,1
O8366,,filler_neg,FN2,Петя прочитал какое-либо длинное стихотворение.,,,1
O8366,B,stimulus,SM1,Катя должна загадать какое-нибудь число.,modalized,1,5
O8366,,filler_pos,FP3,Петя купил очень красивое пальто.,,,5
O8366,B,stimulus,SQ4,Каждый участник конкурса рассказал какой-нибудь анекдот.,quantified,4,1
O8366,,filler_neg,FN3,Ваня купил любую книгу про динозавров.,,,1
O8366,B,stimulus,SE4,Маша рассказала какой-нибудь анекдот.,episodic,4,1
O8366,,filler_neg,FN4,Ваня потерял любое золотое кольцо.,,,1
O8366,B,stimulus,SQ1,Каждый участник конкурса загадал какое-нибудь число.,quantified,1,1
O8366,,filler_pos,FP2,Ваня прочитал какую-то странную статью.,,,5
O8366,B,stimulus,SM2,Катя должна спеть какую-нибудь песню.,modalized,2,1
O8366,,filler_pos,FP1,Ваня нарисовал какое-то экзотическое растение.,,,1
O8366,,filler_neg,FN1,Петя нарисовал какое-либо необычное животное.,,,1
O8366,B,stimulus,SE3,Маша показала какой-нибудь фокус.,episodic,3,1
B5963,,training,T1,Коля пришел домой.,,,5
B5963,,training,T2,Дети пришел домой.,,,1
B5963,,training,T3,Большинство гостей уже ушло.,,,5
B5963,,filler_neg,FN2,Петя прочитал какое-либо длинное стихотворение.,,,1
B5963,,filler_pos,FP3,Петя купил очень красивое пальто.,,,5
B5963,B,stimulus,SE4,Маша рассказала какой-нибудь анекдот.,episodic,4,1
B5963,,filler_pos,FP2,Ваня прочитал какую-то странную статью.,,,5
B5963,B,stimulus,SE3,Маша показала какой-нибудь фокус.,episodic,3,1
B5963,,filler_neg,FN1,Петя нарисовал какое-либо необычное животное.,,,1
B5963,B,stimulus,SQ1,Каждый участник конкурса загадал какое-нибудь число.,quantified,1,1
B5963,,filler_neg,FN3,Ваня купил любую книгу про динозавров.,,,1
B5963,B,stimulus,SQ4,Каждый участник конкурса рассказал какой-нибудь анекдот.,quantified,4,1
B5963,,filler_neg,FN4,Ваня потерял любое золотое кольцо.,,,1
B5963,B,stimulus,SM2,Катя должна спеть какую-нибудь песню.,modalized,2,5
B5963,,filler_pos,FP1,Ваня нарисовал какое-то экзотическое растение.,,,5
B5963,B,stimulus,SM1,Катя должна загадать какое-нибудь число.,modalized,1,5
K1703,,training,T1,Коля пришел домой.,,,5
K1703,,training,T2,Дети пришел домой.,,,1
K1703,,training,T3,Большинство гостей уже ушло.,,,5
K1703,,filler_pos,FP1,Ваня нарисовал какое-то экзотическое растение.,,,5
K1703,,filler_neg,FN4,Ваня потерял любое золотое кольцо.,,,2
K1703,B,stimulus,SQ4,Каждый участник конкурса рассказал какой-нибудь анекдот.,quantified,4,5
K1703,,filler_neg,FN2,Петя прочитал какое-либо длинное стихотворение.,,,1
K1703,B,stimulus,SE4,Маша рассказала какой-нибудь анекдот.,episodic,4,4
K1703,,filler_neg,FN1,Петя нарисовал какое-либо необычное животное.,,,2
K1703,B,stimulus,SQ1,Каждый участник конкурса загадал какое-нибудь число.,quantified,1,5
K1703,,filler_pos,FP2,Ваня прочитал какую-то странную статью.,,,5
K1703,B,stimulus,SM1,Катя должна загадать какое-нибудь число.,modalized,1,5
K1703,,filler_neg,FN3,Ваня купил любую книгу про динозавров.,,,1
K1703,B,stimulus,SE3,Маша показала какой-нибудь фокус.,episodic,3,2
K1703,,filler_pos,FP3,Петя купил очень красивое пальто.,,,5
K1703,B,stimulus,SM2,Катя должна спеть какую-нибудь песню.,modalized,2,5
T1090,,training,T1,Коля пришел домой.,,,5
T1090,,training,T2,Дети пришел домой.,,,5
T1090,,training,T3,Большинство гостей уже ушло.,,,5
T1090,,filler_neg,FN4,Ваня потерял любое золотое кольцо.,,,2
T1090,A,stimulus,SM4,Катя должна рассказать какой-нибудь анекдот.,modalized,4,5
T1090,,filler_neg,FN3,Ваня купил любую книгу про динозавров.,,,1
T1090,A,stimulus,SQ3,Каждый участник конкурса показал какой-нибудь фокус.,quantified,3,5
T1090,,filler_pos,FP2,Ваня прочитал какую-то странную статью.,,,4
T1090,A,stimulus,SE2,Маша спела какую-нибудь песню.,episodic,2,1
T1090,,filler_pos,FP3,Петя купил очень красивое пальто.,,,1
T1090,A,stimulus,SE1,Маша загадала какое-нибудь число.,episodic,1,3
T1090,,filler_neg,FN2,Петя прочитал какое-либо длинное стихотворение.,,,3
T1090,A,stimulus,SQ2,Каждый участник конкурса спел какую-нибудь песню.,quantified,2,2
T1090,,filler_neg,FN1,Петя нарисовал какое-либо необычное животное.,,,4
T1090,,filler_pos,FP1,Ваня нарисовал какое-то экзотическое растение.,,,5
T1090,A,stimulus,SM3,Катя должна показать какой-нибудь фокус.,modalized,3,5
A9902,,training,T1,Коля пришел домой.,,,5
A9902,,training,T2,Дети пришел домой.,,,1
A9902,,training,T3,Большинство гостей уже ушло.,,,5
A9902,,filler_neg,FN1,Петя нарисовал какое-либо необычное животное.,,,1
A9902,B,stimulus,SE3,Маша показала какой-нибудь фокус.,episodic,3,1
A9902,,filler_pos,FP2,Ваня прочитал какую-то странную статью.,,,5
A9902,B,stimulus,SE4,Маша рассказала какой-нибудь анекдот.,episodic,4,1
A9902,,filler_neg,FN4,Ваня потерял любое золотое кольцо.,,,5
A9902,B,stimulus,SQ4,Каждый участник конкурса рассказал какой-нибудь анекдот.,quantified,4,5
A9902,,filler_pos,FP3,Петя купил очень красивое пальто.,,,5
A9902,B,stimulus,SM1,Катя должна загадать какое-нибудь число.,modalized,1,5
A9902,,filler_pos,FP1,Ваня нарисовал какое-то экзотическое растение.,,,5
A9902,B,stimulus,SQ1,Каждый участник конкурса загадал какое-нибудь число.,quantified,1,5
A9902,,filler_neg,FN2,Петя прочитал какое-либо длинное стихотворение.,,,1
A9902,,filler_neg,FN3,Ваня купил любую книгу про динозавров.,,,1
A9902,B,stimulus,SM2,Катя должна спеть какую-нибудь песню.,modalized,2,5
V2695,,training,T1,Коля пришел домой.,,,5
V2695,,training,T2,Дети пришел домой.,,,5
V2695,,training,T3,Большинство гостей уже ушло.,,,5
V2695,,filler_neg,FN1,Петя нарисовал какое-либо необычное животное.,,,3
V2695,,filler_pos,FP3,Петя купил очень красивое пальто.,,,5
V2695,A,stimulus,SM3,Катя должна показать какой-нибудь фокус.,modalized,3,4
V2695,,filler_neg,FN3,Ваня купил любую книгу про динозавров.,,,4
V2695,A,stimulus,SE2,Маша спела какую-нибудь песню.,episodic,2,4
V2695,,filler_neg,FN4,Ваня потерял любое золотое кольцо.,,,3
V2695,A,stimulus,SQ2,Каждый участник конкурса спел какую-нибудь песню.,quantified,2,4
V2695,,filler_neg,FN2,Петя прочитал какое-либо длинное стихотворение.,,,4
V2695,A,stimulus,SM4,Катя должна рассказать какой-нибудь анекдот.,modalized,4,5
V2695,,filler_pos,FP1,Ваня нарисовал какое-то экзотическое растение.,,,5
V2695,A,stimulus,SQ3,Каждый участник конкурса показал какой-нибудь фокус.,quantified,3,5
V2695,,filler_pos,FP2,Ваня прочитал какую-то странную статью.,,,3
V2695,A,stimulus,SE1,Маша загадала какое-нибудь число.,episodic,1,3
S3560,,training,T1,Коля пришел домой.,,,5
S3560,,training,T2,Дети пришел домой.,,,1
S3560,,training,T3,Большинство гостей уже ушло.,,,5
S3560,,filler_neg,FN2,Петя прочитал какое-либо длинное стихотворение.,,,2
S3560,,filler_pos,FP1,Ваня нарисовал какое-то экзотическое растение.,,,5
S3560,A,stimulus,SE2,Маша спела какую-нибудь песню.,episodic,2,2
S3560,,filler_neg,FN3,Ваня купил любую книгу про динозавров.,,,4
S3560,A,stimulus,SQ3,Каждый участник конкурса показал какой-нибудь фокус.,quantified,3,1
S3560,,filler_pos,FP2,Ваня прочитал какую-то странную статью.,,,5
S3560,A,stimulus,SM3,Катя должна показать какой-нибудь фокус.,modalized,3,4
S3560,,filler_pos,FP3,Петя купил очень красивое пальто.,,,5
S3560,A,stimulus,SM4,Катя должна рассказать какой-нибудь анекдот.,modalized,4,5
S3560,,filler_neg,FN4,Ваня потерял любое золотое кольцо.,,,1
S3560,A,stimulus,SE1,Маша загадала какое-нибудь число.,episodic,1,1
S3560,,filler_neg,FN1,Петя нарисовал какое-либо необычное животное.,,,1
S3560,A,stimulus,SQ2,Каждый участник конкурса спел какую-нибудь песню.,quantified,2,1
Z1425,,training,T1,Коля пришел домой.,,,4
Z1425,,training,T2,Дети пришел домой.,,,1
Z1425,,training,T3,Большинство гостей уже ушло.,,,2
Z1425,,filler_neg,FN2,Петя прочитал какое-либо длинное стихотворение.,,,4
Z1425,,filler_neg,FN4,Ваня потерял любое золотое кольцо.,,,2
Z1425,B,stimulus,SM1,Катя должна загадать какое-нибудь число.,modalized,1,4
Z1425,,filler_neg,FN3,Ваня купил любую книгу про динозавров.,,,4
Z1425,B,stimulus,SE4,Маша рассказала какой-нибудь анекдот.,episodic,4,4
Z1425,,filler_pos,FP3,Петя купил очень красивое пальто.,,,5
Z1425,B,stimulus,SM2,Катя должна спеть какую-нибудь песню.,modalized,2,5
Z1425,,filler_pos,FP2,Ваня прочитал какую-то странную статью.,,,5
Z1425,B,stimulus,SE3,Маша показала какой-нибудь фокус.,episodic,3,2
Z1425,,filler_pos,FP1,Ваня нарисовал какое-то экзотическое растение.,,,1
Z1425,B,stimulus,SQ4,Каждый участник конкурса рассказал какой-нибудь анекдот.,quantified,4,4
Z1425,,filler_neg,FN1,Петя нарисовал какое-либо необычное животное.,,,4
Z1425,B,stimulus,SQ1,Каждый участник конкурса загадал какое-нибудь число.,quantified,1,4
D2797,,training,T1,Коля пришел домой.,,,4
D2797,,training,T2,Дети пришел домой.,,,1
D2797,,training,T3,Большинство гостей уже ушло.,,,5
D2797,,filler_neg,FN1,Петя нарисовал какое-либо необычное животное.,,,1
D2797,,filler_pos,FP1,Ваня нарисовал какое-то экзотическое растение.,,,5
D2797,A,stimulus,SE1,Маша загадала какое-нибудь число.,episodic,1,3
D2797,,filler_pos,FP3,Петя купил очень красивое пальто.,,,5
D2797,A,stimulus,SQ3,Каждый участник конкурса показал какой-нибудь фокус.,quantified,3,4
D2797,,filler_neg,FN3,Ваня купил любую книгу про динозавров.,,,1
D2797,A,stimulus,SE2,Маша спела какую-нибудь песню.,episodic,2,3
D2797,,filler_neg,FN4,Ваня потерял любое золотое кольцо.,,,5
D2797,A,stimulus,SQ2,Каждый участник конкурса спел какую-нибудь песню.,quantified,2,2
D2797,,filler_pos,FP2,Ваня прочитал какую-то странную статью.,,,5
D2797,A,stimulus,SM3,Катя должна показать какой-нибудь фокус.,modalized,3,5
D2797,,filler_neg,FN2,Петя прочитал какое-либо длинное стихотворение.,,,2
D2797,A,stimulus,SM4,Катя должна рассказать какой-нибудь анекдот.,modalized,4,5
I8301,,training,T1,Коля пришел домой.,,,3
I8301,,training,T2,Дети пришел домой.,,,1
I8301,,training,T3,Большинство гостей уже ушло.,,,4
I8301,,filler_pos,FP3,Петя купил очень красивое пальто.,,,3
I8301,A,stimulus,SM3,Катя должна показать какой-нибудь фокус.,modalized,3,4
I8301,,filler_neg,FN1,Петя нарисовал какое-либо необычное животное.,,,2
I8301,A,stimulus,SE2,Маша спела какую-нибудь песню.,episodic,2,2
I8301,,filler_pos,FP1,Ваня нарисовал какое-то экзотическое растение.,,,4
I8301,A,stimulus,SE1,Маша загадала какое-нибудь число.,episodic,1,4
I8301,,filler_neg,FN4,Ваня потерял любое золотое кольцо.,,,1
I8301,A,stimulus,SM4,Катя должна рассказать какой-нибудь анекдот.,modalized,4,4
I8301,,filler_neg,FN2,Петя прочитал какое-либо длинное стихотворение.,,,3
I8301,A,stimulus,SQ2,Каждый участник конкурса спел какую-нибудь песню.,quantified,2,4
I8301,,filler_pos,FP2,Ваня прочитал какую-то странную статью.,,,4
I8301,,filler_neg,FN3,Ваня купил любую книгу про динозавров.,,,3
I8301,A,stimulus,SQ3,Каждый участник конкурса показал какой-нибудь фокус.,quantified,3,5
Y4058,,training,T1,Коля пришел домой.,,,5
Y4058,,training,T2,Дети пришел домой.,,,1
Y4058,,training,T3,Большинство гостей уже ушло.,,,4
Y4058,,filler_pos,FP3,Петя купил очень красивое пальто.,,,5
Y4058,B,stimulus,SQ4,Каждый участник конкурса рассказал какой-нибудь анекдот.,quantified,4,2
Y4058,,filler_pos,FP2,Ваня прочитал какую-то странную статью.,,,5
Y4058,B,stimulus,SQ1,Каждый участник конкурса загадал какое-нибудь число.,quantified,1,2
Y4058,,filler_neg,FN2,Петя прочитал какое-либо длинное стихотворение.,,,5
Y4058,B,stimulus,SM1,Катя должна загадать какое-нибудь число.,modalized,1,5
Y4058,,filler_neg,FN4,Ваня потерял любое золотое кольцо.,,,2
Y4058,B,stimulus,SM2,Катя должна спеть какую-нибудь песню.,modalized,2,5
Y4058,,filler_neg,FN1,Петя нарисовал какое-либо необычное животное.,,,1
Y4058,B,stimulus,SE4,Маша рассказала какой-нибудь анекдот.,episodic,4,2
Y4058,,filler_pos,FP1,Ваня нарисовал какое-то экзотическое растение.,,,5
Y4058,,filler_neg,FN3,Ваня купил любую книгу про динозавров.,,,5
Y4058,B,stimulus,SE3,Маша показала какой-нибудь фокус.,episodic,3,2
M7186,,training,T1,Коля пришел домой.,,,5
M7186,,training,T2,Дети пришел домой.,,,1
M7186,,training,T3,Большинство гостей уже ушло.,,,2
M7186,,filler_pos,FP2,Ваня прочитал какую-то странную статью.,,,5
M7186,B,stimulus,SM2,Катя должна спеть какую-нибудь песню.,modalized,2,5
M7186,,filler_pos,FP1,Ваня нарисовал какое-то экзотическое растение.,,,5
M7186,B,stimulus,SM1,Катя должна загадать какое-нибудь число.,modalized,1,5
M7186,,filler_pos,FP3,Петя купил очень красивое пальто.,,,5
M7186,B,stimulus,SQ1,Каждый участник конкурса загадал какое-нибудь число.,quantified,1,5
M7186,,filler_neg,FN2,Петя прочитал какое-либо длинное стихотворение.,,,3
M7186,B,stimulus,SE3,Маша показала какой-нибудь фокус.,episodic,3,2
M7186,,filler_neg,FN3,Ваня купил любую книгу про динозавров.,,,1
M7186,B,stimulus,SE4,Маша рассказала какой-нибудь анекдот.,episodic,4,3
M7186,,filler_neg,FN4,Ваня потерял любое золотое кольцо.,,,2
M7186,,filler_neg,FN1,Петя нарисовал какое-либо необычное животное.,,,3
M7186,B,stimulus,SQ4,Каждый участник конкурса рассказал какой-нибудь анекдот.,quantified,4,5
S503,,training,T1,Коля пришел домой.,,,5
S503,,training,T2,Дети пришел домой.,,,1
S503,,training,T3,Большинство гостей уже ушло.,,,3
S503,,filler_pos,FP1,Ваня нарисовал какое-то экзотическое растение.,,,5
S503,A,stimulus,SE1,Маша загадала какое-нибудь число.,episodic,1,2
S503,,filler_neg,FN4,Ваня потерял любое золотое кольцо.,,,5
S503,A,stimulus,SM4,Катя должна рассказать какой-нибудь анекдот.,modalized,4,5
S503,,filler_pos,FP3,Петя купил очень красивое пальто.,,,5
S503,A,stimulus,SQ3,Каждый участник конкурса показал какой-нибудь фокус.,quantified,3,5
S503,,filler_neg,FN2,Петя прочитал какое-либо длинное стихотворение.,,,2
S503,A,stimulus,SQ2,Каждый участник конкурса спел какую-нибудь песню.,quantified,2,4
S503,,filler_neg,FN1,Петя нарисовал какое-либо необычное животное.,,,2
S503,A,stimulus,SE2,Маша спела какую-нибудь песню.,episodic,2,2
S503,,filler_neg,FN3,Ваня купил любую книгу про динозавров.,,,2
S503,,filler_pos,FP2,Ваня прочитал какую-то странную статью.,,,5
S503,A,stimulus,SM3,Катя должна показать какой-нибудь фокус.,modalized,3,5
Q4720,,training,T1,Коля пришел домой.,,,5
Q4720,,training,T2,Дети пришел домой.,,,1
Q4720,,training,T3,Большинство гостей уже ушло.,,,1
Q4720,,filler_neg,FN3,Ваня купил любую книгу про динозавров.,,,1
Q4720,,filler_neg,FN1,Петя нарисовал какое-либо необычное животное.,,,1
Q4720,B,stimulus,SE4,Маша рассказала какой-нибудь анекдот.,episodic,4,1
Q4720,,filler_neg,FN4,Ваня потерял любое золотое кольцо.,,,1
Q4720,B,stimulus,SM2,Катя должна спеть какую-нибудь песню.,modalized,2,5
Q4720,,filler_neg,FN2,Петя прочитал какое-либо длинное стихотворение.,,,1
Q4720,B,stimulus,SQ4,Каждый участник конкурса рассказал какой-нибудь анекдот.,quantified,4,1
Q4720,,filler_pos,FP2,Ваня прочитал какую-то странную статью.,,,5
Q4720,B,stimulus,SE3,Маша показала какой-нибудь фокус.,episodic,3,1
Q4720,,filler_pos,FP1,Ваня нарисовал какое-то экзотическое растение.,,,5
Q4720,B,stimulus,SQ1,Каждый участник конкурса загадал какое-нибудь число.,quantified,1,1
Q4720,,filler_pos,FP3,Петя купил очень красивое пальто.,,,5
Q4720,B,stimulus,SM1,Катя должна загадать какое-нибудь число.,modalized,1,5
N9039,,training,T1,Коля пришел домой.,,,5
N9039,,training,T2,Дети пришел домой.,,,1
N9039,,training,T3,Большинство гостей уже ушло.,,,5
N9039,,filler_pos,FP1,Ваня нарисовал какое-то экзотическое растение.,,,5
N9039,,filler_neg,FN4,Ваня потерял любое золотое кольцо.,,,1
N9039,B,stimulus,SM2,Катя должна спеть какую-нибудь песню.,modalized,2,5
N9039,,filler_neg,FN2,Петя прочитал какое-либо длинное стихотворение.,,,3
N9039,B,stimulus,SQ1,Каждый участник конкурса загадал какое-нибудь число.,quantified,1,3
N9039,,filler_pos,FP3,Петя купил очень красивое пальто.,,,5
N9039,B,stimulus,SQ4,Каждый участник конкурса рассказал какой-нибудь анекдот.,quantified,4,5
N9039,,filler_neg,FN1,Петя нарисовал какое-либо необычное животное.,,,1
N9039,B,stimulus,SM1,Катя должна загадать какое-нибудь число.,modalized,1,5
N9039,,filler_neg,FN3,Ваня купил любую книгу про динозавров.,,,1
N9039,B,stimulus,SE3,Маша показала какой-нибудь фокус.,episodic,3,1
N9039,,filler_pos,FP2,Ваня прочитал какую-то странную статью.,,,5
N9039,B,stimulus,SE4,Маша рассказала какой-нибудь анекдот.,episodic,4,2
E2961,,training,T1,Коля пришел домой.,,,5
E2961,,training,T2,Дети пришел домой.,,,1
E2961,,training,T3,Большинство гостей уже ушло.,,,3
E2961,,filler_neg,FN3,Ваня купил любую книгу про динозавров.,,,3
E2961,A,stimulus,SQ2,Каждый участник конкурса спел какую-нибудь песню.,quantified,2,2
E2961,,filler_neg,FN1,Петя нарисовал какое-либо необычное животное.,,,2
E2961,A,stimulus,SQ3,Каждый участник конкурса показал какой-нибудь фокус.,quantified,3,3
E2961,,filler_pos,FP1,Ваня нарисовал какое-то экзотическое растение.,,,4
E2961,A,stimulus,SM3,Катя должна показать какой-нибудь фокус.,modalized,3,2
E2961,,filler_neg,FN2,Петя прочитал какое-либо длинное стихотворение.,,,3
E2961,A,stimulus,SM4,Катя должна рассказать какой-нибудь анекдот.,modalized,4,4
E2961,,filler_pos,FP3,Петя купил очень красивое пальто.,,,4
E2961,A,stimulus,SE2,Маша спела какую-нибудь песню.,episodic,2,2
E2961,,filler_pos,FP2,Ваня прочитал какую-то странную статью.,,,4
E2961,,filler_neg,FN4,Ваня потерял любое золотое кольцо.,,,2
E2961,A,stimulus,SE1,Маша загадала какое-нибудь число.,episodic,1,4
P8359,,training,T1,Коля пришел домой.,,,5
P8359,,training,T2,Дети пришел домой.,,,1
P8359,,training,T3,Большинство гостей уже ушло.,,,5
P8359,,filler_pos,FP1,Ваня нарисовал какое-то экзотическое растение.,,,5
P8359,B,stimulus,SE3,Маша показала какой-нибудь фокус.,episodic,3,1
P8359,,filler_pos,FP2,Ваня прочитал какую-то странную статью.,,,5
P8359,B,stimulus,SQ1,Каждый участник конкурса загадал какое-нибудь число.,quantified,1,5
P8359,,filler_pos,FP3,Петя купил очень красивое пальто.,,,5
P8359,B,stimulus,SM2,Катя должна спеть какую-нибудь песню.,modalized,2,5
P8359,,filler_neg,FN3,Ваня купил любую книгу про динозавров.,,,2
P8359,B,stimulus,SQ4,Каждый участник конкурса рассказал какой-нибудь анекдот.,quantified,4,5
P8359,,filler_neg,FN2,Петя прочитал какое-либо длинное стихотворение.,,,2
P8359,B,stimulus,SE4,Маша рассказала какой-нибудь анекдот.,episodic,4,2
P8359,,filler_neg,FN1,Петя нарисовал какое-либо необычное животное.,,,2
P8359,,filler_neg,FN4,Ваня потерял любое золотое кольцо.,,,1
P8359,B,stimulus,SM1,Катя должна загадать какое-нибудь число.,modalized,1,5
I9659,,training,T1,Коля пришел домой.,,,5
I9659,,training,T2,Дети пришел домой.,,,2
I9659,,training,T3,Большинство гостей уже ушло.,,,5
I9659,,filler_neg,FN2,Петя прочитал какое-либо длинное стихотворение.,,,2
I9659,B,stimulus,SQ4,Каждый участник конкурса рассказал какой-нибудь анекдот.,quantified,4,4
I9659,,filler_pos,FP1,Ваня нарисовал какое-то экзотическое растение.,,,5
I9659,B,stimulus,SE4,Маша рассказала какой-нибудь анекдот.,episodic,4,2
I9659,,filler_neg,FN4,Ваня потерял любое золотое кольцо.,,,2
I9659,B,stimulus,SM1,Катя должна загадать какое-нибудь число.,modalized,1,5
I9659,,filler_pos,FP2,Ваня прочитал какую-то странную статью.,,,5
I9659,B,stimulus,SQ1,Каждый участник конкурса загадал какое-нибудь число.,quantified,1,4
I9659,,filler_neg,FN1,Петя нарисовал какое-либо необычное животное.,,,2
I9659,B,stimulus,SE3,Маша показала какой-нибудь фокус.,episodic,3,2
I9659,,filler_neg,FN3,Ваня купил любую книгу про динозавров.,,,2
I9659,,filler_pos,FP3,Петя купил очень красивое пальто.,,,5
I9659,B,stimulus,SM2,Катя должна спеть какую-нибудь песню.,modalized,2,4
G9756,,training,T1,Коля пришел домой.,,,5
G9756,,training,T2,Дети пришел домой.,,,5
G9756,,training,T3,Большинство гостей уже ушло.,,,5
G9756,,filler_pos,FP3,Петя купил очень красивое пальто.,,,1
G9756,,filler_pos,FP1,Ваня нарисовал какое-то экзотическое растение.,,,3
G9756,B,stimulus,SQ4,Каждый участник конкурса рассказал какой-нибудь анекдот.,quantified,4,3
G9756,,filler_neg,FN2,Петя прочитал какое-либо длинное стихотворение.,,,2
G9756,B,stimulus,SM1,Катя должна загадать какое-нибудь число.,modalized,1,2
G9756,,filler_neg,FN4,Ваня потерял любое золотое кольцо.,,,5
G9756,B,stimulus,SE3,Маша показала какой-нибудь фокус.,episodic,3,2
G9756,,filler_neg,FN1,Петя нарисовал какое-либо необычное животное.,,,2
G9756,B,stimulus,SQ1,Каждый участник конкурса загадал какое-нибудь число.,quantified,1,3
G9756,,filler_pos,FP2,Ваня прочитал какую-то странную статью.,,,2
G9756,B,stimulus,SM2,Катя должна спеть какую-нибудь песню.,modalized,2,3
G9756,,filler_neg,FN3,Ваня купил любую книгу про динозавров.,,,1
G9756,B,stimulus,SE4,Маша рассказала какой-нибудь анекдот.,episodic,4,1
X7868,,training,T1,Коля пришел домой.,,,5
X7868,,training,T2,Дети пришел домой.,,,5
X7868,,training,T3,Большинство гостей уже ушло.,,,3
X7868,,filler_neg,FN3,Ваня купил любую книгу про динозавров.,,,1
X7868,A,stimulus,SM3,Катя должна показать какой-нибудь фокус.,modalized,3,5
X7868,,filler_pos,FP1,Ваня нарисовал какое-то экзотическое растение.,,,5
X7868,A,stimulus,SQ3,Каждый участник конкурса показал какой-нибудь фокус.,quantified,3,5
X7868,,filler_pos,FP3,Петя купил очень красивое пальто.,,,5
X7868,A,stimulus,SQ2,Каждый участник конкурса спел какую-нибудь песню.,quantified,2,5
X7868,,filler_neg,FN2,Петя прочитал какое-либо длинное стихотворение.,,,2
X7868,A,stimulus,SE2,Маша спела какую-нибудь песню.,episodic,2,2
X7868,,filler_neg,FN4,Ваня потерял любое золотое кольцо.,,,5
X7868,A,stimulus,SE1,Маша загадала какое-нибудь число.,episodic,1,5
X7868,,filler_neg,FN1,Петя нарисовал какое-либо необычное животное.,,,2
X7868,,filler_pos,FP2,Ваня прочитал какую-то странную статью.,,,5
X7868,A,stimulus,SM4,Катя должна рассказать какой-нибудь анекдот.,modalized,4,5
V2469,,training,T1,Коля пришел домой.,,,5
V2469,,training,T2,Дети пришел домой.,,,1
V2469,,training,T3,Большинство гостей уже ушло.,,,5
V2469,,filler_pos,FP1,Ваня нарисовал какое-то экзотическое растение.,,,5
V2469,,filler_neg,FN1,Петя нарисовал какое-либо необычное животное.,,,5
V2469,A,stimulus,SE2,Маша спела какую-нибудь песню.,episodic,2,5
V2469,,filler_neg,FN2,Петя прочитал какое-либо длинное стихотворение.,,,5
V2469,A,stimulus,SM4,Катя должна рассказать какой-нибудь анекдот.,modalized,4,5
V2469,,filler_neg,FN4,Ваня потерял любое золотое кольцо.,,,1
V2469,A,stimulus,SM3,Катя должна показать какой-нибудь фокус.,modalized,3,5
V2469,,filler_neg,FN3,Ваня купил любую книгу про динозавров.,,,1
V2469,A,stimulus,SE1,Маша загадала какое-нибудь число.,episodic,1,5
V2469,,filler_pos,FP2,Ваня прочитал какую-то странную статью.,,,5
V2469,A,stimulus,SQ2,Каждый участник конкурса спел какую-нибудь песню.,quantified,2,5
V2469,,filler_pos,FP3,Петя купил очень красивое пальто.,,,5
V2469,A,stimulus,SQ3,Каждый участник конкурса показал какой-нибудь фокус.,quantified,3,5
Q5495,,training,T1,Коля пришел домой.,,,5
Q5495,,training,T2,Дети пришел домой.,,,1
Q5495,,training,T3,Большинство гостей уже ушло.,,,5
Q5495,,filler_neg,FN3,Ваня купил любую книгу про динозавров.,,,2
Q5495,A,stimulus,SE1,Маша загадала какое-нибудь число.,episodic,1,5
Q5495,,filler_neg,FN1,Петя нарисовал какое-либо необычное животное.,,,5
Q5495,A,stimulus,SM4,Катя должна рассказать какой-нибудь анекдот.,modalized,4,5
Q5495,,filler_neg,FN2,Петя прочитал какое-либо длинное стихотворение.,,,5
Q5495,A,stimulus,SE2,Маша спела какую-нибудь песню.,episodic,2,5
Q5495,,filler_pos,FP2,Ваня прочитал какую-то странную статью.,,,5
Q5495,A,stimulus,SQ3,Каждый участник конкурса показал какой-нибудь фокус.,quantified,3,5
Q5495,,filler_pos,FP3,Петя купил очень красивое пальто.,,,5
Q5495,A,stimulus,SM3,Катя должна показать какой-нибудь фокус.,modalized,3,5
Q5495,,filler_pos,FP1,Ваня нарисовал какое-то экзотическое растение.,,,5
Q5495,,filler_neg,FN4,Ваня потерял любое золотое кольцо.,,,1
Q5495,A,stimulus,SQ2,Каждый участник конкурса спел какую-нибудь песню.,quantified,2,5
R327,,training,T1,Коля пришел домой.,,,5
R327,,training,T2,Дети пришел домой.,,,1
R327,,training,T3,Большинство гостей уже ушло.,,,5
R327,,filler_neg,FN3,Ваня купил любую книгу про динозавров.,,,2
R327,,filler_neg,FN2,Петя прочитал какое-либо длинное стихотворение.,,,3
R327,A,stimulus,SE2,Маша спела какую-нибудь песню.,episodic,2,3
R327,,filler_neg,FN4,Ваня потерял любое золотое кольцо.,,,2
R327,A,stimulus,SM3,Катя должна показать какой-нибудь фокус.,modalized,3,5
R327,,filler_pos,FP1,Ваня нарисовал какое-то экзотическое растение.,,,5
R327,A,stimulus,SM4,Катя должна рассказать какой-нибудь анекдот.,modalized,4,5
R327,,filler_pos,FP3,Петя купил очень красивое пальто.,,,5
R327,A,stimulus,SE1,Маша загадала какое-нибудь число.,episodic,1,5
R327,,filler_neg,FN1,Петя нарисовал какое-либо необычное животное.,,,5
R327,A,stimulus,SQ3,Каждый участник конкурса показал какой-нибудь фокус.,quantified,3,5
R327,,filler_pos,FP2,Ваня прочитал какую-то странную статью.,,,5
R327,A,stimulus,SQ2,Каждый участник конкурса спел какую-нибудь песню.,quantified,2,4
N845,,training,T1,Коля пришел домой.,,,5
N845,,training,T2,Дети пришел домой.,,,1
N845,,training,T3,Большинство гостей уже ушло.,,,4
N845,,filler_neg,FN1,Петя нарисовал какое-либо необычное животное.,,,1
N845,B,stimulus,SE3,Маша показала какой-нибудь фокус.,episodic,3,2
N845,,filler_pos,FP2,Ваня прочитал какую-то странную статью.,,,5
N845,B,stimulus,SQ1,Каждый участник конкурса загадал какое-нибудь число.,quantified,1,5
N845,,filler_neg,FN4,Ваня потерял любое золотое кольцо.,,,1
N845,B,stimulus,SE4,Маша рассказала какой-нибудь анекдот.,episodic,4,2
N845,,filler_pos,FP1,Ваня нарисовал какое-то экзотическое растение.,,,4
N845,B,stimulus,SM2,Катя должна спеть какую-нибудь песню.,modalized,2,4
N845,,filler_neg,FN2,Петя прочитал какое-либо длинное стихотворение.,,,2
N845,B,stimulus,SQ4,Каждый участник конкурса рассказал какой-нибудь анекдот.,quantified,4,3
N845,,filler_pos,FP3,Петя купил очень красивое пальто.,,,5
N845,,filler_neg,FN3,Ваня купил любую книгу про динозавров.,,,2
N845,B,stimulus,SM1,Катя должна загадать какое-нибудь число.,modalized,1,5
D287,,training,T1,Коля пришел домой.,,,5
D287,,training,T2,Дети пришел домой.,,,1
D287,,training,T3,Большинство гостей уже ушло.,,,5
D287,,filler_neg,FN4,Ваня потерял любое золотое кольцо.,,,5
D287,,filler_pos,FP2,Ваня прочитал какую-то странную статью.,,,5
D287,A,stimulus,SE1,Маша загадала какое-нибудь число.,episodic,1,1
D287,,filler_pos,FP3,Петя купил очень красивое пальто.,,,5
D287,A,stimulus,SM3,Катя должна показать какой-нибудь фокус.,modalized,3,5
D287,,filler_neg,FN2,Петя прочитал какое-либо длинное стихотворение.,,,1
D287,A,stimulus,SM4,Катя должна рассказать какой-нибудь анекдот.,modalized,4,5
D287,,filler_pos,FP1,Ваня нарисовал какое-то экзотическое растение.,,,5
D287,A,stimulus,SQ3,Каждый участник конкурса показал какой-нибудь фокус.,quantified,3,1
D287,,filler_neg,FN3,Ваня купил любую книгу про динозавров.,,,1
D287,A,stimulus,SE2,Маша спела какую-нибудь песню.,episodic,2,1
D287,,filler_neg,FN1,Петя нарисовал какое-либо необычное животное.,,,1
D287,A,stimulus,SQ2,Каждый участник конкурса спел какую-нибудь песню.,quantified,2,1
H4104,,training,T1,Коля пришел домой.,,,5
H4104,,training,T2,Дети пришел домой.,,,1
H4104,,training,T3,Большинство гостей уже ушло.,,,NULL
H4104,,filler_pos,FP3,Петя купил очень красивое пальто.,,,5
H4104,,filler_pos,FP1,Ваня нарисовал какое-то экзотическое растение.,,,5
H4104,B,stimulus,SM1,Катя должна загадать какое-нибудь число.,modalized,1,5
H4104,,filler_pos,FP2,Ваня прочитал какую-то странную статью.,,,5
H4104,B,stimulus,SE3,Маша показала какой-нибудь фокус.,episodic,3,1
H4104,,filler_neg,FN2,Петя прочитал какое-либо длинное стихотворение.,,,1
H4104,B,stimulus,SM2,Катя должна спеть какую-нибудь песню.,modalized,2,5
H4104,,filler_neg,FN4,Ваня потерял любое золотое кольцо.,,,1
H4104,B,stimulus,SQ4,Каждый участник конкурса рассказал какой-нибудь анекдот.,quantified,4,1
H4104,,filler_neg,FN1,Петя нарисовал какое-либо необычное животное.,,,NULL
H4104,B,stimulus,SQ1,Каждый участник конкурса загадал какое-нибудь число.,quantified,1,5
H4104,,filler_neg,FN3,Ваня купил любую книгу про динозавров.,,,1
H4104,B,stimulus,SE4,Маша рассказала какой-нибудь анекдот.,episodic,4,1
Y8785,,training,T1,Коля пришел домой.,,,5
Y8785,,training,T2,Дети пришел домой.,,,1
Y8785,,training,T3,Большинство гостей уже ушло.,,,4
Y8785,,filler_pos,FP3,Петя купил очень красивое пальто.,,,5
Y8785,A,stimulus,SM3,Катя должна показать какой-нибудь фокус.,modalized,3,5
Y8785,,filler_neg,FN3,Ваня купил любую книгу про динозавров.,,,2
Y8785,A,stimulus,SM4,Катя должна рассказать какой-нибудь анекдот.,modalized,4,5
Y8785,,filler_neg,FN1,Петя нарисовал какое-либо необычное животное.,,,2
Y8785,A,stimulus,SQ3,Каждый участник конкурса показал какой-нибудь фокус.,quantified,3,5
Y8785,,filler_pos,FP2,Ваня прочитал какую-то странную статью.,,,5
Y8785,A,stimulus,SQ2,Каждый участник конкурса спел какую-нибудь песню.,quantified,2,5
Y8785,,filler_neg,FN2,Петя прочитал какое-либо длинное стихотворение.,,,2
Y8785,A,stimulus,SE1,Маша загадала какое-нибудь число.,episodic,1,2
Y8785,,filler_neg,FN4,Ваня потерял любое золотое кольцо.,,,1
Y8785,,filler_pos,FP1,Ваня нарисовал какое-то экзотическое растение.,,,5
Y8785,A,stimulus,SE2,Маша спела какую-нибудь песню.,episodic,2,2
E7104,,training,T1,Коля пришел домой.,,,5
E7104,,training,T2,Дети пришел домой.,,,5
E7104,,training,T3,Большинство гостей уже ушло.,,,3
E7104,,filler_pos,FP1,Ваня нарисовал какое-то экзотическое растение.,,,3
E7104,,filler_neg,FN3,Ваня купил любую книгу про динозавров.,,,4
E7104,A,stimulus,SM3,Катя должна показать какой-нибудь фокус.,modalized,3,3
E7104,,filler_pos,FP2,Ваня прочитал какую-то странную статью.,,,2
E7104,A,stimulus,SQ2,Каждый участник конкурса спел какую-нибудь песню.,quantified,2,4
E7104,,filler_neg,FN1,Петя нарисовал какое-либо необычное животное.,,,3
E7104,A,stimulus,SE2,Маша спела какую-нибудь песню.,episodic,2,3
E7104,,filler_neg,FN2,Петя прочитал какое-либо длинное стихотворение.,,,3
E7104,A,stimulus,SM4,Катя должна рассказать какой-нибудь анекдот.,modalized,4,3
E7104,,filler_neg,FN4,Ваня потерял любое золотое кольцо.,,,1
E7104,A,stimulus,SE1,Маша загадала какое-нибудь число.,episodic,1,2
E7104,,filler_pos,FP3,Петя купил очень красивое пальто.,,,3
E7104,A,stimulus,SQ3,Каждый участник конкурса показал какой-нибудь фокус.,quantified,3,4
S4688,,training,T1,Коля пришел домой.,,,5
S4688,,training,T2,Дети пришел домой.,,,1
S4688,,training,T3,Большинство гостей уже ушло.,,,3
S4688,,filler_pos,FP3,Петя купил очень красивое пальто.,,,2
S4688,,filler_neg,FN3,Ваня купил любую книгу про динозавров.,,,1
S4688,A,stimulus,SE2,Маша спела какую-нибудь песню.,episodic,2,1
S4688,,filler_neg,FN1,Петя нарисовал какое-либо необычное животное.,,,1
S4688,A,stimulus,SQ3,Каждый участник конкурса показал какой-нибудь фокус.,quantified,3,4
S4688,,filler_pos,FP1,Ваня нарисовал какое-то экзотическое растение.,,,4
S4688,A,stimulus,SE1,Маша загадала какое-нибудь число.,episodic,1,1
S4688,,filler_pos,FP2,Ваня прочитал какую-то странную статью.,,,4
S4688,A,stimulus,SM4,Катя должна рассказать какой-нибудь анекдот.,modalized,4,NULL
S4688,,filler_neg,FN4,Ваня потерял любое золотое кольцо.,,,1
S4688,A,stimulus,SQ2,Каждый участник конкурса спел какую-нибудь песню.,quantified,2,3
S4688,,filler_neg,FN2,Петя прочитал какое-либо длинное стихотворение.,,,1
S4688,A,stimulus,SM3,Катя должна показать какой-нибудь фокус.,modalized,3,4
A7032,,training,T1,Коля пришел домой.,,,5
A7032,,training,T2,Дети пришел домой.,,,1
A7032,,training,T3,Большинство гостей уже ушло.,,,5
A7032,,filler_pos,FP3,Петя купил очень красивое пальто.,,,5
A7032,B,stimulus,SE4,Маша рассказала какой-нибудь анекдот.,episodic,4,4
A7032,,filler_neg,FN1,Петя нарисовал какое-либо необычное животное.,,,5
A7032,B,stimulus,SQ1,Каждый участник конкурса загадал какое-нибудь число.,quantified,1,5
A7032,,filler_pos,FP1,Ваня нарисовал какое-то экзотическое растение.,,,5
A7032,B,stimulus,SQ4,Каждый участник конкурса рассказал какой-нибудь анекдот.,quantified,4,4
A7032,,filler_neg,FN4,Ваня потерял любое золотое кольцо.,,,1
A7032,B,stimulus,SM1,Катя должна загадать какое-нибудь число.,modalized,1,5
A7032,,filler_pos,FP2,Ваня прочитал какую-то странную статью.,,,5
A7032,B,stimulus,SM2,Катя должна спеть какую-нибудь песню.,modalized,2,5
A7032,,filler_neg,FN3,Ваня купил любую книгу про динозавров.,,,1
A7032,,filler_neg,FN2,Петя прочитал какое-либо длинное стихотворение.,,,5
A7032,B,stimulus,SE3,Маша показала какой-нибудь фокус.,episodic,3,3
Z2744,,training,T1,Коля пришел домой.,,,5
Z2744,,training,T2,Дети пришел домой.,,,5
Z2744,,training,T3,Большинство гостей уже ушло.,,,4
Z2744,,filler_neg,FN2,Петя прочитал какое-либо длинное стихотворение.,,,1
Z2744,B,stimulus,SE3,Маша показала какой-нибудь фокус.,episodic,3,2
Z2744,,filler_neg,FN4,Ваня потерял любое золотое кольцо.,,,1
Z2744,B,stimulus,SM2,Катя должна спеть какую-нибудь песню.,modalized,2,4
Z2744,,filler_pos,FP1,Ваня нарисовал какое-то экзотическое растение.,,,4
Z2744,B,stimulus,SQ1,Каждый участник конкурса загадал какое-нибудь число.,quantified,1,3
Z2744,,filler_pos,FP2,Ваня прочитал какую-то странную статью.,,,5
Z2744,B,stimulus,SQ4,Каждый участник конкурса рассказал какой-нибудь анекдот.,quantified,4,3
Z2744,,filler_pos,FP3,Петя купил очень красивое пальто.,,,5
Z2744,B,stimulus,SE4,Маша рассказала какой-нибудь анекдот.,episodic,4,4
Z2744,,filler_neg,FN1,Петя нарисовал какое-либо необычное животное.,,,2
Z2744,,filler_neg,FN3,Ваня купил любую книгу про динозавров.,,,3
Z2744,B,stimulus,SM1,Катя должна загадать какое-нибудь число.,modalized,1,4
Y6463,,training,T1,Коля пришел домой.,,,5
Y6463,,training,T2,Дети пришел домой.,,,1
Y6463,,training,T3,Большинство гостей уже ушло.,,,5
Y6463,,filler_pos,FP2,Ваня прочитал какую-то странную статью.,,,5
Y6463,A,stimulus,SE2,Маша спела какую-нибудь песню.,episodic,2,1
Y6463,,filler_pos,FP3,Петя купил очень красивое пальто.,,,5
Y6463,A,stimulus,SQ3,Каждый участник конкурса показал какой-нибудь фокус.,quantified,3,3
Y6463,,filler_neg,FN1,Петя нарисовал какое-либо необычное животное.,,,2
Y6463,A,stimulus,SE1,Маша загадала какое-нибудь число.,episodic,1,5
Y6463,,filler_pos,FP1,Ваня нарисовал какое-то экзотическое растение.,,,5
Y6463,A,stimulus,SQ2,Каждый участник конкурса спел какую-нибудь песню.,quantified,2,5
Y6463,,filler_neg,FN4,Ваня потерял любое золотое кольцо.,,,1
Y6463,A,stimulus,SM4,Катя должна рассказать какой-нибудь анекдот.,modalized,4,5
Y6463,,filler_neg,FN3,Ваня купил любую книгу про динозавров.,,,5
Y6463,,filler_neg,FN2,Петя прочитал какое-либо длинное стихотворение.,,,4
Y6463,A,stimulus,SM3,Катя должна показать какой-нибудь фокус.,modalized,3,5
R3586,,training,T1,Коля пришел домой.,,,NULL
R3586,,training,T2,Дети пришел домой.,,,4
R3586,,training,T3,Большинство гостей уже ушло.,,,4
R3586,,filler_pos,FP1,Ваня нарисовал какое-то экзотическое растение.,,,5
R3586,,filler_neg,FN3,Ваня купил любую книгу про динозавров.,,,5
R3586,B,stimulus,SE4,Маша рассказала какой-нибудь анекдот.,episodic,4,4
R3586,,filler_pos,FP3,Петя купил очень красивое пальто.,,,5
R3586,B,stimulus,SM2,Катя должна спеть какую-нибудь песню.,modalized,2,5
R3586,,filler_neg,FN4,Ваня потерял любое золотое кольцо.,,,1
R3586,B,stimulus,SE3,Маша показала какой-нибудь фокус.,episodic,3,5
R3586,,filler_neg,FN2,Петя прочитал какое-либо длинное стихотворение.,,,4
R3586,B,stimulus,SQ4,Каждый участник конкурса рассказал какой-нибудь анекдот.,quantified,4,3
R3586,,filler_pos,FP2,Ваня прочитал какую-то странную статью.,,,2
R3586,B,stimulus,SM1,Катя должна загадать какое-нибудь число.,modalized,1,4
R3586,,filler_neg,FN1,Петя нарисовал какое-либо необычное животное.,,,5
R3586,B,stimulus,SQ1,Каждый участник конкурса загадал какое-нибудь число.,quantified,1,5
N2769,,training,T1,Коля пришел домой.,,,NULL
N2769,,training,T2,Дети пришел домой.,,,5
N2769,,training,T3,Большинство гостей уже ушло.,,,3
N2769,,filler_neg,FN3,Ваня купил любую книгу про динозавров.,,,3
N2769,A,stimulus,SE2,Маша спела какую-нибудь песню.,episodic,2,3
N2769,,filler_pos,FP2,Ваня прочитал какую-то странную статью.,,,4
N2769,A,stimulus,SQ3,Каждый участник конкурса показал какой-нибудь фокус.,quantified,3,4
N2769,,filler_neg,FN2,Петя прочитал какое-либо длинное стихотворение.,,,4
N2769,A,stimulus,SM4,Катя должна рассказать какой-нибудь анекдот.,modalized,4,4
N2769,,filler_neg,FN1,Петя нарисовал какое-либо необычное животное.,,,3
N2769,A,stimulus,SE1,Маша загадала какое-нибудь число.,episodic,1,5
N2769,,filler_neg,FN4,Ваня потерял любое золотое кольцо.,,,5
N2769,A,stimulus,SQ2,Каждый участник конкурса спел какую-нибудь песню.,quantified,2,5
N2769,,filler_pos,FP3,Петя купил очень красивое пальто.,,,3
N2769,,filler_pos,FP1,Ваня нарисовал какое-то экзотическое растение.,,,5
N2769,A,stimulus,SM3,Катя должна показать какой-нибудь фокус.,modalized,3,5
T5054,,training,T1,Коля пришел домой.,,,5
T5054,,training,T2,Дети пришел домой.,,,1
T5054,,training,T3,Большинство гостей уже ушло.,,,5
T5054,,filler_neg,FN3,Ваня купил любую книгу про динозавров.,,,1
T5054,B,stimulus,SE3,Маша показала какой-нибудь фокус.,episodic,3,1
T5054,,filler_neg,FN4,Ваня потерял любое золотое кольцо.,,,1
T5054,B,stimulus,SM1,Катя должна загадать какое-нибудь число.,modalized,1,5
T5054,,filler_pos,FP1,Ваня нарисовал какое-то экзотическое растение.,,,5
T5054,B,stimulus,SE4,Маша рассказала какой-нибудь анекдот.,episodic,4,2
T5054,,filler_neg,FN1,Петя нарисовал какое-либо необычное животное.,,,2
T5054,B,stimulus,SQ1,Каждый участник конкурса загадал какое-нибудь число.,quantified,1,5
T5054,,filler_pos,FP3,Петя купил очень красивое пальто.,,,5
T5054,B,stimulus,SM2,Катя должна спеть какую-нибудь песню.,modalized,2,5
T5054,,filler_pos,FP2,Ваня прочитал какую-то странную статью.,,,5
T5054,,filler_neg,FN2,Петя прочитал какое-либо длинное стихотворение.,,,2
T5054,B,stimulus,SQ4,Каждый участник конкурса рассказал какой-нибудь анекдот.,quantified,4,5
X5750,,training,T1,Коля пришел домой.,,,NULL
X5750,,training,T2,Дети пришел домой.,,,5
X5750,,training,T3,Большинство гостей уже ушло.,,,5
X5750,,filler_pos,FP1,Ваня нарисовал какое-то экзотическое растение.,,,5
X5750,A,stimulus,SE1,Маша загадала какое-нибудь число.,episodic,1,1
X5750,,filler_neg,FN1,Петя нарисовал какое-либо необычное животное.,,,1
X5750,A,stimulus,SE2,Маша спела какую-нибудь песню.,episodic,2,1
X5750,,filler_neg,FN2,Петя прочитал какое-либо длинное стихотворение.,,,NULL
X5750,A,stimulus,SQ2,Каждый участник конкурса спел какую-нибудь песню.,quantified,2,1
X5750,,filler_pos,FP3,Петя купил очень красивое пальто.,,,5
X5750,A,stimulus,SM4,Катя должна рассказать какой-нибудь анекдот.,modalized,4,5
X5750,,filler_neg,FN3,Ваня купил любую книгу про динозавров.,,,1
X5750,A,stimulus,SQ3,Каждый участник конкурса показал какой-нибудь фокус.,quantified,3,1
X5750,,filler_neg,FN4,Ваня потерял любое золотое кольцо.,,,1
X5750,,filler_pos,FP2,Ваня прочитал какую-то странную статью.,,,5
X5750,A,stimulus,SM3,Катя должна показать какой-нибудь фокус.,modalized,3,5
Y195,,training,T1,Коля пришел домой.,,,5
Y195,,training,T2,Дети пришел домой.,,,1
Y195,,training,T3,Большинство гостей уже ушло.,,,5
Y195,,filler_pos,FP1,Ваня нарисовал какое-то экзотическое растение.,,,5
Y195,B,stimulus,SQ4,Каждый участник конкурса рассказал какой-нибудь анекдот.,quantified,4,5
Y195,,filler_neg,FN4,Ваня потерял любое золотое кольцо.,,,1
Y195,B,stimulus,SM2,Катя должна спеть какую-нибудь песню.,modalized,2,5
Y195,,filler_neg,FN2,Петя прочитал какое-либо длинное стихотворение.,,,1
Y195,B,stimulus,SM1,Катя должна загадать какое-нибудь число.,modalized,1,5
Y195,,filler_pos,FP2,Ваня прочитал какую-то странную статью.,,,5
Y195,B,stimulus,SQ1,Каждый участник конкурса загадал какое-нибудь число.,quantified,1,5
Y195,,filler_neg,FN1,Петя нарисовал какое-либо необычное животное.,,,1
Y195,B,stimulus,SE3,Маша показала какой-нибудь фокус.,episodic,3,3
Y195,,filler_neg,FN3,Ваня купил любую книгу про динозавров.,,,3
Y195,,filler_pos,FP3,Петя купил очень красивое пальто.,,,5
Y195,B,stimulus,SE4,Маша рассказала какой-нибудь анекдот.,episodic,4,1
D4232,,training,T1,Коля пришел домой.,,,5
D4232,,training,T2,Дети пришел домой.,,,2
D4232,,training,T3,Большинство гостей уже ушло.,,,5
D4232,,filler_pos,FP1,Ваня нарисовал какое-то экзотическое растение.,,,5
D4232,B,stimulus,SQ4,Каждый участник конкурса рассказал какой-нибудь анекдот.,quantified,4,5
D4232,,filler_neg,FN2,Петя прочитал какое-либо длинное стихотворение.,,,5
D4232,B,stimulus,SE3,Маша показала какой-нибудь фокус.,episodic,3,2
D4232,,filler_neg,FN1,Петя нарисовал какое-либо необычное животное.,,,5
D4232,B,stimulus,SQ1,Каждый участник конкурса загадал какое-нибудь число.,quantified,1,5
D4232,,filler_neg,FN4,Ваня потерял любое золотое кольцо.,,,1
D4232,B,stimulus,SE4,Маша рассказала какой-нибудь анекдот.,episodic,4,2
D4232,,filler_pos,FP3,Петя купил очень красивое пальто.,,,5
D4232,B,stimulus,SM2,Катя должна спеть какую-нибудь песню.,modalized,2,5
D4232,,filler_neg,FN3,Ваня купил любую книгу про динозавров.,,,3
D4232,,filler_pos,FP2,Ваня прочитал какую-то странную статью.,,,5
D4232,B,stimulus,SM1,Катя должна загадать какое-нибудь число.,modalized,1,5
Q3537,,training,T1,Коля пришел домой.,,,5
Q3537,,training,T2,Дети пришел домой.,,,1
Q3537,,training,T3,Большинство гостей уже ушло.,,,NULL
Q3537,,filler_pos,FP3,Петя купил очень красивое пальто.,,,5
Q3537,,filler_neg,FN2,Петя прочитал какое-либо длинное стихотворение.,,,3
Q3537,B,stimulus,SM1,Катя должна загадать какое-нибудь число.,modalized,1,5
Q3537,,filler_neg,FN3,Ваня купил любую книгу про динозавров.,,,1
Q3537,B,stimulus,SQ1,Каждый участник конкурса загадал какое-нибудь число.,quantified,1,1
Q3537,,filler_pos,FP2,Ваня прочитал какую-то странную статью.,,,5
Q3537,B,stimulus,SM2,Катя должна спеть какую-нибудь песню.,modalized,2,NULL
Q3537,,filler_neg,FN4,Ваня потерял любое золотое кольцо.,,,1
Q3537,B,stimulus,SE4,Маша рассказала какой-нибудь анекдот.,episodic,4,1
Q3537,,filler_pos,FP1,Ваня нарисовал какое-то экзотическое растение.,,,5
Q3537,B,stimulus,SE3,Маша показала какой-нибудь фокус.,episodic,3,1
Q3537,,filler_neg,FN1,Петя нарисовал какое-либо необычное животное.,,,5
Q3537,B,stimulus,SQ4,Каждый участник конкурса рассказал какой-нибудь анекдот.,quantified,4,5
F1122,,training,T1,Коля пришел домой.,,,5
F1122,,training,T2,Дети пришел домой.,,,5
F1122,,training,T3,Большинство гостей уже ушло.,,,3
F1122,,filler_neg,FN4,Ваня потерял любое золотое кольцо.,,,1
F1122,A,stimulus,SE2,Маша спела какую-нибудь песню.,episodic,2,5
F1122,,filler_pos,FP2,Ваня прочитал какую-то странную статью.,,,5
F1122,A,stimulus,SQ2,Каждый участник конкурса спел какую-нибудь песню.,quantified,2,5
F1122,,filler_pos,FP3,Петя купил очень красивое пальто.,,,5
F1122,A,stimulus,SM3,Катя должна показать какой-нибудь фокус.,modalized,3,5
F1122,,filler_neg,FN3,Ваня купил любую книгу про динозавров.,,,5
F1122,A,stimulus,SE1,Маша загадала какое-нибудь число.,episodic,1,5
F1122,,filler_pos,FP1,Ваня нарисовал какое-то экзотическое растение.,,,5
F1122,A,stimulus,SM4,Катя должна рассказать какой-нибудь анекдот.,modalized,4,5
F1122,,filler_neg,FN1,Петя нарисовал какое-либо необычное животное.,,,5
F1122,,filler_neg,FN2,Петя прочитал какое-либо длинное стихотворение.,,,5
F1122,A,stimulus,SQ3,Каждый участник конкурса показал какой-нибудь фокус.,quantified,3,5
